[16-May-2025 01:25:36 Europe/Berlin] Connexion à la base de données réussie
[16-May-2025 01:26:05 Europe/Berlin] Connexion à la base de données réussie
[16-May-2025 01:26:05 Europe/Berlin] Réception d'une requête POST
[16-May-2025 01:26:05 Europe/Berlin] Données reçues - Username: admin
[16-May-2025 01:26:05 Europe/Berlin] Tentative de vérification de connexion
[16-May-2025 01:26:05 Europe/Berlin] Début de la vérification de connexion pour l'utilisateur: admin
[16-May-2025 01:26:05 Europe/Berlin] Utilisateur trouvé dans la base de données
[16-May-2025 01:26:05 Europe/Berlin] Hash stocké: $2y$10$h8zWxAkFqQjKGQQYZmv4Ie/vIyBa3Uv/5B9McT1Pmwzq8VMgpG/42
[16-May-2025 01:26:05 Europe/Berlin] Mot de passe vérifié avec succès
[16-May-2025 01:26:05 Europe/Berlin] Session initialisée avec succès
[16-May-2025 01:26:05 Europe/Berlin] Connexion réussie, tentative de redirection
[16-May-2025 01:55:26 Europe/Berlin] Connexion à la base de données réussie
[16-May-2025 01:55:37 Europe/Berlin] Connexion à la base de données réussie
[16-May-2025 01:55:37 Europe/Berlin] Réception d'une requête POST
[16-May-2025 01:55:37 Europe/Berlin] Données reçues - Username: admin
[16-May-2025 01:55:37 Europe/Berlin] Tentative de vérification de connexion
[16-May-2025 01:55:37 Europe/Berlin] Début de la vérification de connexion pour l'utilisateur: admin
[16-May-2025 01:55:37 Europe/Berlin] Utilisateur trouvé dans la base de données
[16-May-2025 01:55:37 Europe/Berlin] Hash stocké: $2y$10$h8zWxAkFqQjKGQQYZmv4Ie/vIyBa3Uv/5B9McT1Pmwzq8VMgpG/42
[16-May-2025 01:55:37 Europe/Berlin] Mot de passe vérifié avec succès
[16-May-2025 01:55:37 Europe/Berlin] Session initialisée avec succès
[16-May-2025 01:55:37 Europe/Berlin] Connexion réussie, tentative de redirection
[16-May-2025 02:04:41 Europe/Berlin] Connexion à la base de données réussie
[16-May-2025 02:04:51 Europe/Berlin] Connexion à la base de données réussie
[16-May-2025 02:04:51 Europe/Berlin] Réception d'une requête POST
[16-May-2025 02:04:51 Europe/Berlin] Données reçues - Username: admin
[16-May-2025 02:04:51 Europe/Berlin] Tentative de vérification de connexion
[16-May-2025 02:04:51 Europe/Berlin] Début de la vérification de connexion pour l'utilisateur: admin
[16-May-2025 02:04:51 Europe/Berlin] Utilisateur trouvé dans la base de données
[16-May-2025 02:04:51 Europe/Berlin] Hash stocké: $2y$10$h8zWxAkFqQjKGQQYZmv4Ie/vIyBa3Uv/5B9McT1Pmwzq8VMgpG/42
[16-May-2025 02:04:51 Europe/Berlin] Mot de passe vérifié avec succès
[16-May-2025 02:04:51 Europe/Berlin] Session initialisée avec succès
[16-May-2025 02:04:51 Europe/Berlin] Connexion réussie, tentative de redirection
[16-May-2025 10:45:02 Europe/Berlin] Connexion à la base de données réussie
[16-May-2025 10:45:11 Europe/Berlin] Connexion à la base de données réussie
[16-May-2025 10:45:11 Europe/Berlin] Réception d'une requête POST
[16-May-2025 10:45:11 Europe/Berlin] Données reçues - Username: admin
[16-May-2025 10:45:11 Europe/Berlin] Tentative de vérification de connexion
[16-May-2025 10:45:11 Europe/Berlin] Début de la vérification de connexion pour l'utilisateur: admin
[16-May-2025 10:45:11 Europe/Berlin] Utilisateur trouvé dans la base de données
[16-May-2025 10:45:11 Europe/Berlin] Hash stocké: $2y$10$h8zWxAkFqQjKGQQYZmv4Ie/vIyBa3Uv/5B9McT1Pmwzq8VMgpG/42
[16-May-2025 10:45:11 Europe/Berlin] Mot de passe vérifié avec succès
[16-May-2025 10:45:11 Europe/Berlin] Session initialisée avec succès
[16-May-2025 10:45:11 Europe/Berlin] Connexion réussie, tentative de redirection
[16-May-2025 10:45:16 Europe/Berlin] Connexion à la base de données réussie
[16-May-2025 10:45:25 Europe/Berlin] Connexion à la base de données réussie
[16-May-2025 10:45:25 Europe/Berlin] Réception d'une requête POST
[16-May-2025 10:45:25 Europe/Berlin] Données reçues - Username: admin
[16-May-2025 10:45:25 Europe/Berlin] Tentative de vérification de connexion
[16-May-2025 10:45:25 Europe/Berlin] Début de la vérification de connexion pour l'utilisateur: admin
[16-May-2025 10:45:25 Europe/Berlin] Utilisateur trouvé dans la base de données
[16-May-2025 10:45:25 Europe/Berlin] Hash stocké: $2y$10$h8zWxAkFqQjKGQQYZmv4Ie/vIyBa3Uv/5B9McT1Pmwzq8VMgpG/42
[16-May-2025 10:45:25 Europe/Berlin] Mot de passe vérifié avec succès
[16-May-2025 10:45:25 Europe/Berlin] Session initialisée avec succès
[16-May-2025 10:45:25 Europe/Berlin] Connexion réussie, tentative de redirection
[16-May-2025 12:33:56 Europe/Berlin] Connexion à la base de données réussie
[16-May-2025 12:34:00 Europe/Berlin] Connexion à la base de données réussie
[16-May-2025 12:34:00 Europe/Berlin] Réception d'une requête POST
[16-May-2025 12:34:00 Europe/Berlin] Données reçues - Username: admin
[16-May-2025 12:34:00 Europe/Berlin] Tentative de vérification de connexion
[16-May-2025 12:34:00 Europe/Berlin] Début de la vérification de connexion pour l'utilisateur: admin
[16-May-2025 12:34:01 Europe/Berlin] Utilisateur trouvé dans la base de données
[16-May-2025 12:34:01 Europe/Berlin] Hash stocké: $2y$10$h8zWxAkFqQjKGQQYZmv4Ie/vIyBa3Uv/5B9McT1Pmwzq8VMgpG/42
[16-May-2025 12:34:01 Europe/Berlin] Échec de la vérification du mot de passe
[16-May-2025 12:34:01 Europe/Berlin] Échec de la connexion
[16-May-2025 12:34:13 Europe/Berlin] Connexion à la base de données réussie
[16-May-2025 12:34:13 Europe/Berlin] Réception d'une requête POST
[16-May-2025 12:34:13 Europe/Berlin] Données reçues - Username: admin
[16-May-2025 12:34:13 Europe/Berlin] Tentative de vérification de connexion
[16-May-2025 12:34:13 Europe/Berlin] Début de la vérification de connexion pour l'utilisateur: admin
[16-May-2025 12:34:13 Europe/Berlin] Utilisateur trouvé dans la base de données
[16-May-2025 12:34:13 Europe/Berlin] Hash stocké: $2y$10$h8zWxAkFqQjKGQQYZmv4Ie/vIyBa3Uv/5B9McT1Pmwzq8VMgpG/42
[16-May-2025 12:34:13 Europe/Berlin] Mot de passe vérifié avec succès
[16-May-2025 12:34:13 Europe/Berlin] Session initialisée avec succès
[16-May-2025 12:34:13 Europe/Berlin] Connexion réussie, tentative de redirection
[16-May-2025 16:46:04 Europe/Berlin] Connexion à la base de données réussie
[16-May-2025 16:46:18 Europe/Berlin] Connexion à la base de données réussie
[16-May-2025 16:46:18 Europe/Berlin] Réception d'une requête POST
[16-May-2025 16:46:18 Europe/Berlin] Données reçues - Username: admin
[16-May-2025 16:46:18 Europe/Berlin] Tentative de vérification de connexion
[16-May-2025 16:46:18 Europe/Berlin] Début de la vérification de connexion pour l'utilisateur: admin
[16-May-2025 16:46:18 Europe/Berlin] Utilisateur trouvé dans la base de données
[16-May-2025 16:46:18 Europe/Berlin] Hash stocké: $2y$10$h8zWxAkFqQjKGQQYZmv4Ie/vIyBa3Uv/5B9McT1Pmwzq8VMgpG/42
[16-May-2025 16:46:18 Europe/Berlin] Mot de passe vérifié avec succès
[16-May-2025 16:46:18 Europe/Berlin] Session initialisée avec succès
[16-May-2025 16:46:18 Europe/Berlin] Connexion réussie, tentative de redirection
[16-May-2025 18:56:09 Europe/Berlin] Connexion à la base de données réussie
[16-May-2025 18:56:17 Europe/Berlin] Connexion à la base de données réussie
[16-May-2025 18:56:17 Europe/Berlin] Réception d'une requête POST
[16-May-2025 18:56:17 Europe/Berlin] Données reçues - Username: admin
[16-May-2025 18:56:17 Europe/Berlin] Tentative de vérification de connexion
[16-May-2025 18:56:17 Europe/Berlin] Début de la vérification de connexion pour l'utilisateur: admin
[16-May-2025 18:56:17 Europe/Berlin] Utilisateur trouvé dans la base de données
[16-May-2025 18:56:17 Europe/Berlin] Hash stocké: $2y$10$h8zWxAkFqQjKGQQYZmv4Ie/vIyBa3Uv/5B9McT1Pmwzq8VMgpG/42
[16-May-2025 18:56:17 Europe/Berlin] Mot de passe vérifié avec succès
[16-May-2025 18:56:17 Europe/Berlin] Session initialisée avec succès
[16-May-2025 18:56:17 Europe/Berlin] Connexion réussie, tentative de redirection
[16-May-2025 20:52:57 Europe/Berlin] Connexion à la base de données réussie
[16-May-2025 20:53:08 Europe/Berlin] Connexion à la base de données réussie
[16-May-2025 20:53:08 Europe/Berlin] Réception d'une requête POST
[16-May-2025 20:53:08 Europe/Berlin] Données reçues - Username: admin
[16-May-2025 20:53:08 Europe/Berlin] Tentative de vérification de connexion
[16-May-2025 20:53:08 Europe/Berlin] Début de la vérification de connexion pour l'utilisateur: admin
[16-May-2025 20:53:08 Europe/Berlin] Utilisateur trouvé dans la base de données
[16-May-2025 20:53:08 Europe/Berlin] Hash stocké: $2y$10$h8zWxAkFqQjKGQQYZmv4Ie/vIyBa3Uv/5B9McT1Pmwzq8VMgpG/42
[16-May-2025 20:53:09 Europe/Berlin] Mot de passe vérifié avec succès
[16-May-2025 20:53:09 Europe/Berlin] Session initialisée avec succès
[16-May-2025 20:53:09 Europe/Berlin] Connexion réussie, tentative de redirection
[16-May-2025 20:54:33 Europe/Berlin] Connexion à la base de données réussie
[16-May-2025 20:54:33 Europe/Berlin] Réception d'une requête POST
[16-May-2025 20:54:33 Europe/Berlin] Données reçues - Username: admin
[16-May-2025 20:54:33 Europe/Berlin] Tentative de vérification de connexion
[16-May-2025 20:54:33 Europe/Berlin] Début de la vérification de connexion pour l'utilisateur: admin
[16-May-2025 20:54:33 Europe/Berlin] Utilisateur trouvé dans la base de données
[16-May-2025 20:54:33 Europe/Berlin] Hash stocké: $2y$10$h8zWxAkFqQjKGQQYZmv4Ie/vIyBa3Uv/5B9McT1Pmwzq8VMgpG/42
[16-May-2025 20:54:33 Europe/Berlin] Mot de passe vérifié avec succès
[16-May-2025 20:54:33 Europe/Berlin] Session initialisée avec succès
[16-May-2025 20:54:33 Europe/Berlin] Connexion réussie, tentative de redirection
[16-May-2025 20:55:51 Europe/Berlin] Connexion à la base de données réussie
[16-May-2025 20:55:53 Europe/Berlin] Connexion à la base de données réussie
[16-May-2025 20:56:02 Europe/Berlin] Connexion à la base de données réussie
[16-May-2025 20:56:02 Europe/Berlin] Réception d'une requête POST
[16-May-2025 20:56:02 Europe/Berlin] Données reçues - Username: admin
[16-May-2025 20:56:02 Europe/Berlin] Tentative de vérification de connexion
[16-May-2025 20:56:02 Europe/Berlin] Début de la vérification de connexion pour l'utilisateur: admin
[16-May-2025 20:56:02 Europe/Berlin] Utilisateur trouvé dans la base de données
[16-May-2025 20:56:02 Europe/Berlin] Hash stocké: $2y$10$h8zWxAkFqQjKGQQYZmv4Ie/vIyBa3Uv/5B9McT1Pmwzq8VMgpG/42
[16-May-2025 20:56:02 Europe/Berlin] Mot de passe vérifié avec succès
[16-May-2025 20:56:02 Europe/Berlin] Session initialisée avec succès
[16-May-2025 20:56:02 Europe/Berlin] Connexion réussie, tentative de redirection
[16-May-2025 20:56:03 Europe/Berlin] Connexion à la base de données réussie
[16-May-2025 20:56:23 Europe/Berlin] Connexion à la base de données réussie
[16-May-2025 20:56:25 Europe/Berlin] Connexion à la base de données réussie
[16-May-2025 20:56:25 Europe/Berlin] Réception d'une requête POST
[16-May-2025 20:56:25 Europe/Berlin] Données reçues - Username: admin
[16-May-2025 20:56:25 Europe/Berlin] Tentative de vérification de connexion
[16-May-2025 20:56:25 Europe/Berlin] Début de la vérification de connexion pour l'utilisateur: admin
[16-May-2025 20:56:25 Europe/Berlin] Utilisateur trouvé dans la base de données
[16-May-2025 20:56:25 Europe/Berlin] Hash stocké: $2y$10$h8zWxAkFqQjKGQQYZmv4Ie/vIyBa3Uv/5B9McT1Pmwzq8VMgpG/42
[16-May-2025 20:56:25 Europe/Berlin] Mot de passe vérifié avec succès
[16-May-2025 20:56:25 Europe/Berlin] Session initialisée avec succès
[16-May-2025 20:56:25 Europe/Berlin] Connexion réussie, tentative de redirection
[16-May-2025 20:56:25 Europe/Berlin] Connexion à la base de données réussie
[16-May-2025 20:56:39 Europe/Berlin] Connexion à la base de données réussie
[16-May-2025 20:56:39 Europe/Berlin] Réception d'une requête POST
[16-May-2025 20:56:39 Europe/Berlin] Données reçues - Username: admin
[16-May-2025 20:56:39 Europe/Berlin] Tentative de vérification de connexion
[16-May-2025 20:56:39 Europe/Berlin] Début de la vérification de connexion pour l'utilisateur: admin
[16-May-2025 20:56:39 Europe/Berlin] Utilisateur trouvé dans la base de données
[16-May-2025 20:56:39 Europe/Berlin] Hash stocké: $2y$10$h8zWxAkFqQjKGQQYZmv4Ie/vIyBa3Uv/5B9McT1Pmwzq8VMgpG/42
[16-May-2025 20:56:39 Europe/Berlin] Mot de passe vérifié avec succès
[16-May-2025 20:56:39 Europe/Berlin] Session initialisée avec succès
[16-May-2025 20:56:39 Europe/Berlin] Connexion réussie, tentative de redirection
[16-May-2025 20:56:39 Europe/Berlin] Connexion à la base de données réussie
[16-May-2025 20:58:50 Europe/Berlin] Connexion à la base de données réussie
[16-May-2025 20:58:50 Europe/Berlin] Réception d'une requête POST
[16-May-2025 20:58:50 Europe/Berlin] Données reçues - Username: admin
[16-May-2025 20:58:50 Europe/Berlin] Tentative de vérification de connexion
[16-May-2025 20:58:50 Europe/Berlin] Début de la vérification de connexion pour l'utilisateur: admin
[16-May-2025 20:58:50 Europe/Berlin] Utilisateur trouvé dans la base de données
[16-May-2025 20:58:50 Europe/Berlin] Hash stocké: $2y$10$hRsYdQqIOKNMMBYwZZn31u4dtv6IpHdRujhsU1YwY4gc5c9VC9JpS
[16-May-2025 20:58:50 Europe/Berlin] Mot de passe vérifié avec succès
[16-May-2025 20:58:50 Europe/Berlin] Session initialisée avec succès
[16-May-2025 20:58:50 Europe/Berlin] Connexion réussie, tentative de redirection
[16-May-2025 20:58:50 Europe/Berlin] Connexion à la base de données réussie
[16-May-2025 20:59:01 Europe/Berlin] Connexion à la base de données réussie
[16-May-2025 20:59:01 Europe/Berlin] Réception d'une requête POST
[16-May-2025 20:59:01 Europe/Berlin] Données reçues - Username: admin
[16-May-2025 20:59:01 Europe/Berlin] Tentative de vérification de connexion
[16-May-2025 20:59:01 Europe/Berlin] Début de la vérification de connexion pour l'utilisateur: admin
[16-May-2025 20:59:01 Europe/Berlin] Utilisateur trouvé dans la base de données
[16-May-2025 20:59:01 Europe/Berlin] Hash stocké: $2y$10$hRsYdQqIOKNMMBYwZZn31u4dtv6IpHdRujhsU1YwY4gc5c9VC9JpS
[16-May-2025 20:59:01 Europe/Berlin] Mot de passe vérifié avec succès
[16-May-2025 20:59:01 Europe/Berlin] Session initialisée avec succès
[16-May-2025 20:59:01 Europe/Berlin] Connexion réussie, tentative de redirection
[16-May-2025 20:59:01 Europe/Berlin] Connexion à la base de données réussie
[16-May-2025 20:59:46 Europe/Berlin] Connexion à la base de données réussie
[16-May-2025 20:59:47 Europe/Berlin] Connexion à la base de données réussie
[16-May-2025 20:59:49 Europe/Berlin] Connexion à la base de données réussie
[16-May-2025 20:59:49 Europe/Berlin] Réception d'une requête POST
[16-May-2025 20:59:49 Europe/Berlin] Données reçues - Username: admin
[16-May-2025 20:59:49 Europe/Berlin] Tentative de vérification de connexion
[16-May-2025 20:59:49 Europe/Berlin] Début de la vérification de connexion pour l'utilisateur: admin
[16-May-2025 20:59:49 Europe/Berlin] Utilisateur trouvé dans la base de données
[16-May-2025 20:59:49 Europe/Berlin] Hash stocké: $2y$10$hRsYdQqIOKNMMBYwZZn31u4dtv6IpHdRujhsU1YwY4gc5c9VC9JpS
[16-May-2025 20:59:49 Europe/Berlin] Mot de passe vérifié avec succès
[16-May-2025 20:59:49 Europe/Berlin] Session initialisée avec succès
[16-May-2025 20:59:49 Europe/Berlin] Connexion réussie, tentative de redirection
[16-May-2025 20:59:49 Europe/Berlin] Connexion à la base de données réussie
[16-May-2025 21:00:02 Europe/Berlin] Connexion à la base de données réussie
[16-May-2025 21:00:04 Europe/Berlin] Connexion à la base de données réussie
[16-May-2025 21:00:04 Europe/Berlin] Réception d'une requête POST
[16-May-2025 21:00:04 Europe/Berlin] Données reçues - Username: admin
[16-May-2025 21:00:04 Europe/Berlin] Tentative de vérification de connexion
[16-May-2025 21:00:04 Europe/Berlin] Début de la vérification de connexion pour l'utilisateur: admin
[16-May-2025 21:00:04 Europe/Berlin] Utilisateur trouvé dans la base de données
[16-May-2025 21:00:04 Europe/Berlin] Hash stocké: $2y$10$hRsYdQqIOKNMMBYwZZn31u4dtv6IpHdRujhsU1YwY4gc5c9VC9JpS
[16-May-2025 21:00:05 Europe/Berlin] Mot de passe vérifié avec succès
[16-May-2025 21:00:05 Europe/Berlin] Session initialisée avec succès
[16-May-2025 21:00:05 Europe/Berlin] Connexion réussie, tentative de redirection
[16-May-2025 21:00:05 Europe/Berlin] Connexion à la base de données réussie
[16-May-2025 21:00:06 Europe/Berlin] Connexion à la base de données réussie
[16-May-2025 21:00:06 Europe/Berlin] Réception d'une requête POST
[16-May-2025 21:00:06 Europe/Berlin] Données reçues - Username: admin
[16-May-2025 21:00:06 Europe/Berlin] Tentative de vérification de connexion
[16-May-2025 21:00:06 Europe/Berlin] Début de la vérification de connexion pour l'utilisateur: admin
[16-May-2025 21:00:06 Europe/Berlin] Utilisateur trouvé dans la base de données
[16-May-2025 21:00:06 Europe/Berlin] Hash stocké: $2y$10$hRsYdQqIOKNMMBYwZZn31u4dtv6IpHdRujhsU1YwY4gc5c9VC9JpS
[16-May-2025 21:00:06 Europe/Berlin] Mot de passe vérifié avec succès
[16-May-2025 21:00:06 Europe/Berlin] Session initialisée avec succès
[16-May-2025 21:00:06 Europe/Berlin] Connexion réussie, tentative de redirection
[16-May-2025 21:00:06 Europe/Berlin] Connexion à la base de données réussie
[16-May-2025 21:00:06 Europe/Berlin] Réception d'une requête POST
[16-May-2025 21:00:06 Europe/Berlin] Données reçues - Username: admin
[16-May-2025 21:00:06 Europe/Berlin] Tentative de vérification de connexion
[16-May-2025 21:00:06 Europe/Berlin] Début de la vérification de connexion pour l'utilisateur: admin
[16-May-2025 21:00:06 Europe/Berlin] Utilisateur trouvé dans la base de données
[16-May-2025 21:00:06 Europe/Berlin] Hash stocké: $2y$10$hRsYdQqIOKNMMBYwZZn31u4dtv6IpHdRujhsU1YwY4gc5c9VC9JpS
[16-May-2025 21:00:06 Europe/Berlin] Mot de passe vérifié avec succès
[16-May-2025 21:00:06 Europe/Berlin] Session initialisée avec succès
[16-May-2025 21:00:06 Europe/Berlin] Connexion réussie, tentative de redirection
[16-May-2025 21:00:06 Europe/Berlin] Connexion à la base de données réussie
[16-May-2025 21:00:14 Europe/Berlin] Connexion à la base de données réussie
[16-May-2025 21:00:14 Europe/Berlin] Réception d'une requête POST
[16-May-2025 21:00:14 Europe/Berlin] Données reçues - Username: admin
[16-May-2025 21:00:14 Europe/Berlin] Tentative de vérification de connexion
[16-May-2025 21:00:14 Europe/Berlin] Début de la vérification de connexion pour l'utilisateur: admin
[16-May-2025 21:00:14 Europe/Berlin] Utilisateur trouvé dans la base de données
[16-May-2025 21:00:14 Europe/Berlin] Hash stocké: $2y$10$hRsYdQqIOKNMMBYwZZn31u4dtv6IpHdRujhsU1YwY4gc5c9VC9JpS
[16-May-2025 21:00:14 Europe/Berlin] Mot de passe vérifié avec succès
[16-May-2025 21:00:14 Europe/Berlin] Session initialisée avec succès
[16-May-2025 21:00:14 Europe/Berlin] Connexion réussie, tentative de redirection
[16-May-2025 21:00:14 Europe/Berlin] Connexion à la base de données réussie
[16-May-2025 21:01:40 Europe/Berlin] Connexion à la base de données réussie
[16-May-2025 21:01:48 Europe/Berlin] Connexion à la base de données réussie
[16-May-2025 21:01:48 Europe/Berlin] Réception d'une requête POST
[16-May-2025 21:01:48 Europe/Berlin] Données reçues - Username: admin
[16-May-2025 21:01:48 Europe/Berlin] Tentative de vérification de connexion
[16-May-2025 21:01:48 Europe/Berlin] Début de la vérification de connexion pour l'utilisateur: admin
[16-May-2025 21:01:48 Europe/Berlin] Utilisateur trouvé dans la base de données
[16-May-2025 21:01:48 Europe/Berlin] Hash stocké: $2y$10$hRsYdQqIOKNMMBYwZZn31u4dtv6IpHdRujhsU1YwY4gc5c9VC9JpS
[16-May-2025 21:01:48 Europe/Berlin] Mot de passe vérifié avec succès
[16-May-2025 21:01:48 Europe/Berlin] Session initialisée avec succès
[16-May-2025 21:01:48 Europe/Berlin] Connexion réussie, tentative de redirection
[16-May-2025 21:22:03 Europe/Berlin] Connexion à la base de données réussie
[16-May-2025 21:22:41 Europe/Berlin] Connexion à la base de données réussie
[16-May-2025 21:30:29 Europe/Berlin] Connexion à la base de données réussie
[16-May-2025 21:30:31 Europe/Berlin] Connexion à la base de données réussie
[16-May-2025 21:30:34 Europe/Berlin] Connexion à la base de données réussie
[16-May-2025 21:40:36 Europe/Berlin] Connexion à la base de données réussie
[16-May-2025 21:40:50 Europe/Berlin] Connexion à la base de données réussie
[16-May-2025 21:40:50 Europe/Berlin] Réception d'une requête POST
[16-May-2025 21:40:50 Europe/Berlin] Données reçues - Username: admin
[16-May-2025 21:40:50 Europe/Berlin] Tentative de vérification de connexion
[16-May-2025 21:40:50 Europe/Berlin] Début de la vérification de connexion pour l'utilisateur: admin
[16-May-2025 21:40:50 Europe/Berlin] Utilisateur trouvé dans la base de données
[16-May-2025 21:40:50 Europe/Berlin] Hash stocké: $2y$10$hRsYdQqIOKNMMBYwZZn31u4dtv6IpHdRujhsU1YwY4gc5c9VC9JpS
[16-May-2025 21:40:50 Europe/Berlin] Mot de passe vérifié avec succès
[16-May-2025 21:40:50 Europe/Berlin] Session initialisée avec succès
[16-May-2025 21:40:50 Europe/Berlin] Connexion réussie, tentative de redirection
[16-May-2025 21:40:50 Europe/Berlin] Connexion à la base de données réussie
[16-May-2025 21:40:57 Europe/Berlin] Connexion à la base de données réussie
[16-May-2025 21:41:01 Europe/Berlin] Connexion à la base de données réussie
[16-May-2025 21:41:01 Europe/Berlin] Réception d'une requête POST
[16-May-2025 21:41:01 Europe/Berlin] Données reçues - Username: admin
[16-May-2025 21:41:01 Europe/Berlin] Tentative de vérification de connexion
[16-May-2025 21:41:01 Europe/Berlin] Début de la vérification de connexion pour l'utilisateur: admin
[16-May-2025 21:41:01 Europe/Berlin] Utilisateur trouvé dans la base de données
[16-May-2025 21:41:01 Europe/Berlin] Hash stocké: $2y$10$hRsYdQqIOKNMMBYwZZn31u4dtv6IpHdRujhsU1YwY4gc5c9VC9JpS
[16-May-2025 21:41:01 Europe/Berlin] Mot de passe vérifié avec succès
[16-May-2025 21:41:01 Europe/Berlin] Session initialisée avec succès
[16-May-2025 21:41:01 Europe/Berlin] Connexion réussie, tentative de redirection
[16-May-2025 21:41:01 Europe/Berlin] Connexion à la base de données réussie
[16-May-2025 21:46:31 Europe/Berlin] Connexion à la base de données réussie
[16-May-2025 21:46:32 Europe/Berlin] Connexion à la base de données réussie
[16-May-2025 21:46:33 Europe/Berlin] Connexion à la base de données réussie
[16-May-2025 21:46:33 Europe/Berlin] Connexion à la base de données réussie
[16-May-2025 21:46:34 Europe/Berlin] Connexion à la base de données réussie
[16-May-2025 21:46:34 Europe/Berlin] Connexion à la base de données réussie
[16-May-2025 21:46:34 Europe/Berlin] Connexion à la base de données réussie
[16-May-2025 21:46:34 Europe/Berlin] Connexion à la base de données réussie
[16-May-2025 21:46:35 Europe/Berlin] Connexion à la base de données réussie
[16-May-2025 21:46:35 Europe/Berlin] Connexion à la base de données réussie
[16-May-2025 21:46:35 Europe/Berlin] Connexion à la base de données réussie
[16-May-2025 21:46:43 Europe/Berlin] Connexion à la base de données réussie
[16-May-2025 21:57:56 Europe/Berlin] Connexion à la base de données réussie
[16-May-2025 21:58:06 Europe/Berlin] Connexion à la base de données réussie
[16-May-2025 21:58:18 Europe/Berlin] Connexion à la base de données réussie
[16-May-2025 21:58:18 Europe/Berlin] Réception d'une requête POST
[16-May-2025 21:58:18 Europe/Berlin] Données reçues - Username: admin
[16-May-2025 21:58:18 Europe/Berlin] Tentative de vérification de connexion
[16-May-2025 21:58:18 Europe/Berlin] Début de la vérification de connexion pour l'utilisateur: admin
[16-May-2025 21:58:18 Europe/Berlin] Utilisateur trouvé dans la base de données
[16-May-2025 21:58:18 Europe/Berlin] Hash stocké: $2y$10$hRsYdQqIOKNMMBYwZZn31u4dtv6IpHdRujhsU1YwY4gc5c9VC9JpS
[16-May-2025 21:58:18 Europe/Berlin] Mot de passe vérifié avec succès
[16-May-2025 21:58:18 Europe/Berlin] Session initialisée avec succès
[16-May-2025 21:58:18 Europe/Berlin] Connexion réussie, tentative de redirection
[16-May-2025 21:58:18 Europe/Berlin] Connexion à la base de données réussie
[16-May-2025 21:59:31 Europe/Berlin] Connexion à la base de données réussie
[16-May-2025 21:59:34 Europe/Berlin] Connexion à la base de données réussie
[16-May-2025 21:59:37 Europe/Berlin] Connexion à la base de données réussie
[16-May-2025 21:59:37 Europe/Berlin] Réception d'une requête POST
[16-May-2025 21:59:37 Europe/Berlin] Données reçues - Username: admin
[16-May-2025 21:59:37 Europe/Berlin] Tentative de vérification de connexion
[16-May-2025 21:59:37 Europe/Berlin] Début de la vérification de connexion pour l'utilisateur: admin
[16-May-2025 21:59:37 Europe/Berlin] Utilisateur trouvé dans la base de données
[16-May-2025 21:59:37 Europe/Berlin] Hash stocké: $2y$10$hRsYdQqIOKNMMBYwZZn31u4dtv6IpHdRujhsU1YwY4gc5c9VC9JpS
[16-May-2025 21:59:37 Europe/Berlin] Mot de passe vérifié avec succès
[16-May-2025 21:59:37 Europe/Berlin] Session initialisée avec succès
[16-May-2025 21:59:37 Europe/Berlin] Connexion réussie, tentative de redirection
[16-May-2025 21:59:37 Europe/Berlin] Connexion à la base de données réussie
[16-May-2025 21:59:38 Europe/Berlin] Connexion à la base de données réussie
[16-May-2025 21:59:38 Europe/Berlin] Réception d'une requête POST
[16-May-2025 21:59:38 Europe/Berlin] Données reçues - Username: admin
[16-May-2025 21:59:38 Europe/Berlin] Tentative de vérification de connexion
[16-May-2025 21:59:38 Europe/Berlin] Début de la vérification de connexion pour l'utilisateur: admin
[16-May-2025 21:59:38 Europe/Berlin] Utilisateur trouvé dans la base de données
[16-May-2025 21:59:38 Europe/Berlin] Hash stocké: $2y$10$hRsYdQqIOKNMMBYwZZn31u4dtv6IpHdRujhsU1YwY4gc5c9VC9JpS
[16-May-2025 21:59:38 Europe/Berlin] Mot de passe vérifié avec succès
[16-May-2025 21:59:38 Europe/Berlin] Session initialisée avec succès
[16-May-2025 21:59:38 Europe/Berlin] Connexion réussie, tentative de redirection
[16-May-2025 21:59:38 Europe/Berlin] Connexion à la base de données réussie
[16-May-2025 22:00:15 Europe/Berlin] Connexion à la base de données réussie
[16-May-2025 22:00:23 Europe/Berlin] Connexion à la base de données réussie
[16-May-2025 22:00:23 Europe/Berlin] Réception d'une requête POST
[16-May-2025 22:00:23 Europe/Berlin] Données reçues - Username: admin
[16-May-2025 22:00:23 Europe/Berlin] Tentative de vérification de connexion
[16-May-2025 22:00:23 Europe/Berlin] Début de la vérification de connexion pour l'utilisateur: admin
[16-May-2025 22:00:23 Europe/Berlin] Utilisateur trouvé dans la base de données
[16-May-2025 22:00:23 Europe/Berlin] Hash stocké: $2y$10$hRsYdQqIOKNMMBYwZZn31u4dtv6IpHdRujhsU1YwY4gc5c9VC9JpS
[16-May-2025 22:00:23 Europe/Berlin] Mot de passe vérifié avec succès
[16-May-2025 22:00:23 Europe/Berlin] Session initialisée avec succès
[16-May-2025 22:00:23 Europe/Berlin] Connexion réussie, tentative de redirection
[16-May-2025 22:00:23 Europe/Berlin] Connexion à la base de données réussie
[16-May-2025 22:02:02 Europe/Berlin] Connexion à la base de données réussie
[16-May-2025 22:02:02 Europe/Berlin] Réception d'une requête POST
[16-May-2025 22:02:02 Europe/Berlin] Données reçues - Username: admin
[16-May-2025 22:02:02 Europe/Berlin] Tentative de vérification de connexion
[16-May-2025 22:02:02 Europe/Berlin] Début de la vérification de connexion pour l'utilisateur: admin
[16-May-2025 22:02:02 Europe/Berlin] Utilisateur trouvé dans la base de données
[16-May-2025 22:02:02 Europe/Berlin] Hash stocké: $2y$10$hBVXAHBCZfNJnemRah0rReF8MXFkT84nSmuoHiMsMNnHrGWqZnqTu
[16-May-2025 22:02:02 Europe/Berlin] Mot de passe vérifié avec succès
[16-May-2025 22:02:02 Europe/Berlin] Session initialisée avec succès
[16-May-2025 22:02:02 Europe/Berlin] Connexion réussie, tentative de redirection
[16-May-2025 22:02:02 Europe/Berlin] Connexion à la base de données réussie
[16-May-2025 22:02:08 Europe/Berlin] Connexion à la base de données réussie
[16-May-2025 22:02:08 Europe/Berlin] Réception d'une requête POST
[16-May-2025 22:02:08 Europe/Berlin] Données reçues - Username: admin
[16-May-2025 22:02:08 Europe/Berlin] Tentative de vérification de connexion
[16-May-2025 22:02:08 Europe/Berlin] Début de la vérification de connexion pour l'utilisateur: admin
[16-May-2025 22:02:08 Europe/Berlin] Utilisateur trouvé dans la base de données
[16-May-2025 22:02:08 Europe/Berlin] Hash stocké: $2y$10$hBVXAHBCZfNJnemRah0rReF8MXFkT84nSmuoHiMsMNnHrGWqZnqTu
[16-May-2025 22:02:08 Europe/Berlin] Échec de la vérification du mot de passe
[16-May-2025 22:02:08 Europe/Berlin] Échec de la connexion
[16-May-2025 22:02:17 Europe/Berlin] Connexion à la base de données réussie
[16-May-2025 22:02:17 Europe/Berlin] Réception d'une requête POST
[16-May-2025 22:02:17 Europe/Berlin] Données reçues - Username: admin
[16-May-2025 22:02:17 Europe/Berlin] Tentative de vérification de connexion
[16-May-2025 22:02:17 Europe/Berlin] Début de la vérification de connexion pour l'utilisateur: admin
[16-May-2025 22:02:17 Europe/Berlin] Utilisateur trouvé dans la base de données
[16-May-2025 22:02:17 Europe/Berlin] Hash stocké: $2y$10$hBVXAHBCZfNJnemRah0rReF8MXFkT84nSmuoHiMsMNnHrGWqZnqTu
[16-May-2025 22:02:17 Europe/Berlin] Mot de passe vérifié avec succès
[16-May-2025 22:02:17 Europe/Berlin] Session initialisée avec succès
[16-May-2025 22:02:17 Europe/Berlin] Connexion réussie, tentative de redirection
[16-May-2025 22:02:17 Europe/Berlin] Connexion à la base de données réussie
[16-May-2025 22:17:37 Europe/Berlin] Connexion à la base de données réussie
[16-May-2025 22:17:42 Europe/Berlin] Connexion à la base de données réussie
[16-May-2025 22:19:29 Europe/Berlin] Connexion à la base de données réussie
[16-May-2025 22:20:26 Europe/Berlin] Connexion à la base de données réussie
[16-May-2025 22:20:35 Europe/Berlin] Connexion à la base de données réussie
[16-May-2025 22:20:35 Europe/Berlin] Réception d'une requête POST
[16-May-2025 22:20:35 Europe/Berlin] Données reçues - Username: admin
[16-May-2025 22:20:35 Europe/Berlin] Tentative de vérification de connexion
[16-May-2025 22:20:35 Europe/Berlin] Début de la vérification de connexion pour l'utilisateur: admin
[16-May-2025 22:20:35 Europe/Berlin] Utilisateur trouvé dans la base de données
[16-May-2025 22:20:35 Europe/Berlin] Hash stocké: $2y$10$TxMU2UuYVy/D.SkDO7Vo3OwcKtQifoIluA7iv9t1EnSKyd4wS9gWe
[16-May-2025 22:20:35 Europe/Berlin] Mot de passe vérifié avec succès
[16-May-2025 22:20:35 Europe/Berlin] Session initialisée avec succès
[16-May-2025 22:20:35 Europe/Berlin] Connexion réussie, tentative de redirection
[16-May-2025 22:41:07 Europe/Berlin] Connexion à la base de données réussie
[16-May-2025 22:41:10 Europe/Berlin] Connexion à la base de données réussie
[16-May-2025 22:41:10 Europe/Berlin] Réception d'une requête POST
[16-May-2025 22:41:10 Europe/Berlin] Données reçues - Username: admin
[16-May-2025 22:41:10 Europe/Berlin] Tentative de vérification de connexion
[16-May-2025 22:41:10 Europe/Berlin] Début de la vérification de connexion pour l'utilisateur: admin
[16-May-2025 22:41:10 Europe/Berlin] Utilisateur trouvé dans la base de données
[16-May-2025 22:41:10 Europe/Berlin] Hash stocké: $2y$10$TxMU2UuYVy/D.SkDO7Vo3OwcKtQifoIluA7iv9t1EnSKyd4wS9gWe
[16-May-2025 22:41:10 Europe/Berlin] Mot de passe vérifié avec succès
[16-May-2025 22:41:10 Europe/Berlin] Session initialisée avec succès
[16-May-2025 22:41:10 Europe/Berlin] Connexion réussie, tentative de redirection
[18-May-2025 01:32:13 Europe/Berlin] Connexion à la base de données réussie
[18-May-2025 01:32:28 Europe/Berlin] Connexion à la base de données réussie
[18-May-2025 01:32:28 Europe/Berlin] Réception d'une requête POST
[18-May-2025 01:32:28 Europe/Berlin] Données reçues - Username: admin
[18-May-2025 01:32:28 Europe/Berlin] Tentative de vérification de connexion
[18-May-2025 01:32:28 Europe/Berlin] Début de la vérification de connexion pour l'utilisateur: admin
[18-May-2025 01:32:28 Europe/Berlin] Utilisateur trouvé dans la base de données
[18-May-2025 01:32:28 Europe/Berlin] Hash stocké: $2y$10$TxMU2UuYVy/D.SkDO7Vo3OwcKtQifoIluA7iv9t1EnSKyd4wS9gWe
[18-May-2025 01:32:28 Europe/Berlin] Mot de passe vérifié avec succès
[18-May-2025 01:32:28 Europe/Berlin] Session initialisée avec succès
[18-May-2025 01:32:28 Europe/Berlin] Connexion réussie, tentative de redirection
[18-May-2025 12:18:20 Europe/Berlin] Connexion à la base de données réussie
[18-May-2025 12:18:22 Europe/Berlin] Connexion à la base de données réussie
[18-May-2025 12:18:22 Europe/Berlin] Réception d'une requête POST
[18-May-2025 12:18:22 Europe/Berlin] Données reçues - Username: admin
[18-May-2025 12:18:22 Europe/Berlin] Tentative de vérification de connexion
[18-May-2025 12:18:22 Europe/Berlin] Début de la vérification de connexion pour l'utilisateur: admin
[18-May-2025 12:18:22 Europe/Berlin] Utilisateur trouvé dans la base de données
[18-May-2025 12:18:22 Europe/Berlin] Hash stocké: $2y$10$3GX3lYs0f/iSttZhUNYf1.3026KnlSv18x2TNkj2N2thSxjcHnwjG
[18-May-2025 12:18:22 Europe/Berlin] Mot de passe vérifié avec succès
[18-May-2025 12:18:22 Europe/Berlin] Session initialisée avec succès
[18-May-2025 12:18:22 Europe/Berlin] Connexion réussie, tentative de redirection
[18-May-2025 12:43:09 Europe/Berlin] Connexion à la base de données réussie
[18-May-2025 12:43:54 Europe/Berlin] Connexion à la base de données réussie
[18-May-2025 12:43:54 Europe/Berlin] Réception d'une requête POST
[18-May-2025 12:43:54 Europe/Berlin] Données reçues - Username: admin
[18-May-2025 12:43:54 Europe/Berlin] Tentative de vérification de connexion
[18-May-2025 12:43:54 Europe/Berlin] Début de la vérification de connexion pour l'utilisateur: admin
[18-May-2025 12:43:54 Europe/Berlin] Utilisateur trouvé dans la base de données
[18-May-2025 12:43:54 Europe/Berlin] Hash stocké: $2y$10$3GX3lYs0f/iSttZhUNYf1.3026KnlSv18x2TNkj2N2thSxjcHnwjG
[18-May-2025 12:43:54 Europe/Berlin] Mot de passe vérifié avec succès
[18-May-2025 12:43:54 Europe/Berlin] Session initialisée avec succès
[18-May-2025 12:43:54 Europe/Berlin] Connexion réussie, tentative de redirection
[18-May-2025 13:37:43 Europe/Berlin] Connexion à la base de données réussie
[18-May-2025 13:37:45 Europe/Berlin] Connexion à la base de données réussie
[18-May-2025 13:37:45 Europe/Berlin] Réception d'une requête POST
[18-May-2025 13:37:45 Europe/Berlin] Données reçues - Username: admin
[18-May-2025 13:37:45 Europe/Berlin] Tentative de vérification de connexion
[18-May-2025 13:37:45 Europe/Berlin] Début de la vérification de connexion pour l'utilisateur: admin
[18-May-2025 13:37:45 Europe/Berlin] Utilisateur trouvé dans la base de données
[18-May-2025 13:37:45 Europe/Berlin] Hash stocké: $2y$10$3GX3lYs0f/iSttZhUNYf1.3026KnlSv18x2TNkj2N2thSxjcHnwjG
[18-May-2025 13:37:45 Europe/Berlin] Mot de passe vérifié avec succès
[18-May-2025 13:37:45 Europe/Berlin] Session initialisée avec succès
[18-May-2025 13:37:45 Europe/Berlin] Connexion réussie, tentative de redirection
[18-May-2025 14:32:53 Europe/Berlin] Connexion à la base de données réussie
[18-May-2025 14:33:57 Europe/Berlin] Connexion à la base de données réussie
[18-May-2025 14:33:57 Europe/Berlin] Réception d'une requête POST
[18-May-2025 14:33:57 Europe/Berlin] Données reçues - Username: affiba.j
[18-May-2025 14:33:57 Europe/Berlin] Tentative de vérification de connexion
[18-May-2025 14:33:57 Europe/Berlin] Début de la vérification de connexion pour l'utilisateur: affiba.j
[18-May-2025 14:33:57 Europe/Berlin] Utilisateur trouvé dans la base de données
[18-May-2025 14:33:57 Europe/Berlin] Hash stocké: $2y$10$/pcVO9IDZKTneb4JmSU6jeOhhMIXOnOicZL0oPIaNq3YMJeLYgIKe
[18-May-2025 14:33:57 Europe/Berlin] Mot de passe vérifié avec succès
[18-May-2025 14:33:57 Europe/Berlin] Session initialisée avec succès
[18-May-2025 14:33:57 Europe/Berlin] Connexion réussie, tentative de redirection
[18-May-2025 16:01:55 Europe/Berlin] Connexion à la base de données réussie
[18-May-2025 16:01:56 Europe/Berlin] Connexion à la base de données réussie
[18-May-2025 16:01:56 Europe/Berlin] Réception d'une requête POST
[18-May-2025 16:01:56 Europe/Berlin] Données reçues - Username: admin
[18-May-2025 16:01:56 Europe/Berlin] Tentative de vérification de connexion
[18-May-2025 16:01:56 Europe/Berlin] Début de la vérification de connexion pour l'utilisateur: admin
[18-May-2025 16:01:56 Europe/Berlin] Utilisateur trouvé dans la base de données
[18-May-2025 16:01:56 Europe/Berlin] Hash stocké: $2y$10$3GX3lYs0f/iSttZhUNYf1.3026KnlSv18x2TNkj2N2thSxjcHnwjG
[18-May-2025 16:01:57 Europe/Berlin] Mot de passe vérifié avec succès
[18-May-2025 16:01:57 Europe/Berlin] Session initialisée avec succès
[18-May-2025 16:01:57 Europe/Berlin] Connexion réussie, tentative de redirection
[18-May-2025 17:14:55 Europe/Berlin] Connexion à la base de données réussie
[18-May-2025 17:15:12 Europe/Berlin] Connexion à la base de données réussie
[18-May-2025 17:15:12 Europe/Berlin] Réception d'une requête POST
[18-May-2025 17:15:12 Europe/Berlin] Données reçues - Username: admin
[18-May-2025 17:15:12 Europe/Berlin] Tentative de vérification de connexion
[18-May-2025 17:15:12 Europe/Berlin] Début de la vérification de connexion pour l'utilisateur: admin
[18-May-2025 17:15:12 Europe/Berlin] Utilisateur trouvé dans la base de données
[18-May-2025 17:15:12 Europe/Berlin] Hash stocké: $2y$10$3GX3lYs0f/iSttZhUNYf1.3026KnlSv18x2TNkj2N2thSxjcHnwjG
[18-May-2025 17:15:12 Europe/Berlin] Mot de passe vérifié avec succès
[18-May-2025 17:15:12 Europe/Berlin] Session initialisée avec succès
[18-May-2025 17:15:12 Europe/Berlin] Connexion réussie, tentative de redirection
[18-May-2025 17:20:24 Europe/Berlin] Connexion à la base de données réussie
[18-May-2025 17:24:23 Europe/Berlin] Connexion à la base de données réussie
[18-May-2025 17:25:18 Europe/Berlin] Connexion à la base de données réussie
[18-May-2025 17:25:20 Europe/Berlin] Connexion à la base de données réussie
[18-May-2025 17:25:20 Europe/Berlin] Réception d'une requête POST
[18-May-2025 17:25:20 Europe/Berlin] Données reçues - Username: admin
[18-May-2025 17:25:20 Europe/Berlin] Tentative de vérification de connexion
[18-May-2025 17:25:20 Europe/Berlin] Début de la vérification de connexion pour l'utilisateur: admin
[18-May-2025 17:25:20 Europe/Berlin] Utilisateur trouvé dans la base de données
[18-May-2025 17:25:20 Europe/Berlin] Hash stocké: $2y$10$3GX3lYs0f/iSttZhUNYf1.3026KnlSv18x2TNkj2N2thSxjcHnwjG
[18-May-2025 17:25:20 Europe/Berlin] Mot de passe vérifié avec succès
[18-May-2025 17:25:20 Europe/Berlin] Session initialisée avec succès
[18-May-2025 17:25:20 Europe/Berlin] Connexion réussie, tentative de redirection
[18-May-2025 17:26:44 Europe/Berlin] Connexion à la base de données réussie
[18-May-2025 17:26:45 Europe/Berlin] Connexion à la base de données réussie
[18-May-2025 17:26:45 Europe/Berlin] Réception d'une requête POST
[18-May-2025 17:26:45 Europe/Berlin] Données reçues - Username: admin
[18-May-2025 17:26:45 Europe/Berlin] Tentative de vérification de connexion
[18-May-2025 17:26:45 Europe/Berlin] Début de la vérification de connexion pour l'utilisateur: admin
[18-May-2025 17:26:45 Europe/Berlin] Utilisateur trouvé dans la base de données
[18-May-2025 17:26:45 Europe/Berlin] Hash stocké: $2y$10$3GX3lYs0f/iSttZhUNYf1.3026KnlSv18x2TNkj2N2thSxjcHnwjG
[18-May-2025 17:26:45 Europe/Berlin] Mot de passe vérifié avec succès
[18-May-2025 17:26:45 Europe/Berlin] Session initialisée avec succès
[18-May-2025 17:26:45 Europe/Berlin] Connexion réussie, tentative de redirection
[18-May-2025 17:46:45 Europe/Berlin] Connexion à la base de données réussie
[18-May-2025 17:48:25 Europe/Berlin] Connexion à la base de données réussie
[18-May-2025 17:50:14 Europe/Berlin] Connexion à la base de données réussie
[18-May-2025 17:50:15 Europe/Berlin] Connexion à la base de données réussie
[18-May-2025 17:56:47 Europe/Berlin] Connexion à la base de données réussie
[18-May-2025 17:56:47 Europe/Berlin] Réception d'une requête POST
[18-May-2025 17:56:47 Europe/Berlin] Données reçues - Username: admin
[18-May-2025 17:56:47 Europe/Berlin] Tentative de vérification de connexion
[18-May-2025 17:56:47 Europe/Berlin] Début de la vérification de connexion pour l'utilisateur: admin
[18-May-2025 17:56:47 Europe/Berlin] Utilisateur trouvé dans la base de données
[18-May-2025 17:56:47 Europe/Berlin] Hash stocké: $2y$10$3GX3lYs0f/iSttZhUNYf1.3026KnlSv18x2TNkj2N2thSxjcHnwjG
[18-May-2025 17:56:47 Europe/Berlin] Mot de passe vérifié avec succès
[18-May-2025 17:56:47 Europe/Berlin] Session initialisée avec succès
[18-May-2025 17:56:47 Europe/Berlin] Connexion réussie, tentative de redirection
[19-May-2025 12:47:37 Europe/Berlin] Connexion à la base de données réussie
[19-May-2025 12:47:42 Europe/Berlin] Connexion à la base de données réussie
[19-May-2025 12:47:42 Europe/Berlin] Réception d'une requête POST
[19-May-2025 12:47:42 Europe/Berlin] Données reçues - Username: admin
[19-May-2025 12:47:42 Europe/Berlin] Tentative de vérification de connexion
[19-May-2025 12:47:42 Europe/Berlin] Début de la vérification de connexion pour l'utilisateur: admin
[19-May-2025 12:47:42 Europe/Berlin] Utilisateur trouvé dans la base de données
[19-May-2025 12:47:42 Europe/Berlin] Hash stocké: $2y$10$3GX3lYs0f/iSttZhUNYf1.3026KnlSv18x2TNkj2N2thSxjcHnwjG
[19-May-2025 12:47:42 Europe/Berlin] Échec de la vérification du mot de passe
[19-May-2025 12:47:42 Europe/Berlin] Échec de la connexion
[19-May-2025 12:47:51 Europe/Berlin] Connexion à la base de données réussie
[19-May-2025 12:47:51 Europe/Berlin] Réception d'une requête POST
[19-May-2025 12:47:51 Europe/Berlin] Données reçues - Username: admin
[19-May-2025 12:47:51 Europe/Berlin] Tentative de vérification de connexion
[19-May-2025 12:47:51 Europe/Berlin] Début de la vérification de connexion pour l'utilisateur: admin
[19-May-2025 12:47:51 Europe/Berlin] Utilisateur trouvé dans la base de données
[19-May-2025 12:47:51 Europe/Berlin] Hash stocké: $2y$10$3GX3lYs0f/iSttZhUNYf1.3026KnlSv18x2TNkj2N2thSxjcHnwjG
[19-May-2025 12:47:51 Europe/Berlin] Mot de passe vérifié avec succès
[19-May-2025 12:47:51 Europe/Berlin] Session initialisée avec succès
[19-May-2025 12:47:51 Europe/Berlin] Connexion réussie, tentative de redirection
[19-May-2025 15:04:51 Europe/Berlin] Connexion à la base de données réussie
[19-May-2025 15:04:54 Europe/Berlin] Connexion à la base de données réussie
[19-May-2025 15:04:54 Europe/Berlin] Réception d'une requête POST
[19-May-2025 15:04:54 Europe/Berlin] Données reçues - Username: admin
[19-May-2025 15:04:54 Europe/Berlin] Tentative de vérification de connexion
[19-May-2025 15:04:54 Europe/Berlin] Début de la vérification de connexion pour l'utilisateur: admin
[19-May-2025 15:04:54 Europe/Berlin] Utilisateur trouvé dans la base de données
[19-May-2025 15:04:54 Europe/Berlin] Hash stocké: $2y$10$3GX3lYs0f/iSttZhUNYf1.3026KnlSv18x2TNkj2N2thSxjcHnwjG
[19-May-2025 15:04:54 Europe/Berlin] Mot de passe vérifié avec succès
[19-May-2025 15:04:54 Europe/Berlin] Session initialisée avec succès
[19-May-2025 15:04:54 Europe/Berlin] Connexion réussie, tentative de redirection
[20-May-2025 13:46:24 Europe/Berlin] Connexion à la base de données réussie
[21-May-2025 14:41:08 Europe/Berlin] Connexion à la base de données réussie
[21-May-2025 18:28:08 Europe/Berlin] Connexion à la base de données réussie
[21-May-2025 18:28:08 Europe/Berlin] Réception d'une requête POST
[21-May-2025 18:28:08 Europe/Berlin] Données reçues - Username: czx.hf@ec-ci.org
[21-May-2025 18:28:08 Europe/Berlin] Tentative de vérification de connexion
[21-May-2025 18:28:08 Europe/Berlin] Début de la vérification de connexion pour l'utilisateur: czx.hf@ec-ci.org
[21-May-2025 18:28:08 Europe/Berlin] Aucun utilisateur trouvé avec ce nom d'utilisateur
[21-May-2025 18:28:08 Europe/Berlin] Échec de la connexion
[21-May-2025 22:24:04 Europe/Berlin] Connexion à la base de données réussie
[21-May-2025 22:24:24 Europe/Berlin] Connexion à la base de données réussie
[21-May-2025 22:24:24 Europe/Berlin] Réception d'une requête POST
[21-May-2025 22:24:24 Europe/Berlin] Données reçues - Username: affiba.j
[21-May-2025 22:24:24 Europe/Berlin] Tentative de vérification de connexion
[21-May-2025 22:24:24 Europe/Berlin] Début de la vérification de connexion pour l'utilisateur: affiba.j
[21-May-2025 22:24:24 Europe/Berlin] Utilisateur trouvé dans la base de données
[21-May-2025 22:24:24 Europe/Berlin] Hash stocké: $2y$10$of2PP/qVDDaOjRi3C0yt0Ox09J.UYn6rxGmtYO/Q5IdQxRy/nnGbq
[21-May-2025 22:24:25 Europe/Berlin] Mot de passe vérifié avec succès
[21-May-2025 22:24:25 Europe/Berlin] Session initialisée avec succès
[21-May-2025 22:24:25 Europe/Berlin] Connexion réussie, tentative de redirection
[21-May-2025 22:59:16 Europe/Berlin] Connexion à la base de données réussie
[21-May-2025 22:59:49 Europe/Berlin] Connexion à la base de données réussie
[21-May-2025 22:59:49 Europe/Berlin] Réception d'une requête POST
[21-May-2025 22:59:49 Europe/Berlin] Données reçues - Username: ahizi.g
[21-May-2025 22:59:49 Europe/Berlin] Tentative de vérification de connexion
[21-May-2025 22:59:49 Europe/Berlin] Début de la vérification de connexion pour l'utilisateur: ahizi.g
[21-May-2025 22:59:49 Europe/Berlin] Utilisateur trouvé dans la base de données
[21-May-2025 22:59:49 Europe/Berlin] Hash stocké: $2y$10$PuadfXOHOgprFT/5E9Q6iOdceiJuNcXu6.06EgNFX/8hZH.38/yOi
[21-May-2025 22:59:49 Europe/Berlin] Mot de passe vérifié avec succès
[21-May-2025 22:59:49 Europe/Berlin] Session initialisée avec succès
[21-May-2025 22:59:49 Europe/Berlin] Connexion réussie, tentative de redirection
[21-May-2025 23:06:07 Europe/Berlin] Connexion à la base de données réussie
[21-May-2025 23:06:09 Europe/Berlin] Connexion à la base de données réussie
[21-May-2025 23:06:09 Europe/Berlin] Réception d'une requête POST
[21-May-2025 23:06:09 Europe/Berlin] Données reçues - Username: ahizi.g
[21-May-2025 23:06:09 Europe/Berlin] Tentative de vérification de connexion
[21-May-2025 23:06:09 Europe/Berlin] Début de la vérification de connexion pour l'utilisateur: ahizi.g
[21-May-2025 23:06:09 Europe/Berlin] Utilisateur trouvé dans la base de données
[21-May-2025 23:06:09 Europe/Berlin] Hash stocké: $2y$10$PuadfXOHOgprFT/5E9Q6iOdceiJuNcXu6.06EgNFX/8hZH.38/yOi
[21-May-2025 23:06:09 Europe/Berlin] Mot de passe vérifié avec succès
[21-May-2025 23:06:09 Europe/Berlin] Session initialisée avec succès
[21-May-2025 23:06:09 Europe/Berlin] Connexion réussie, tentative de redirection
[21-May-2025 23:06:11 Europe/Berlin] Connexion à la base de données réussie
[21-May-2025 23:06:16 Europe/Berlin] Connexion à la base de données réussie
[21-May-2025 23:06:16 Europe/Berlin] Réception d'une requête POST
[21-May-2025 23:06:16 Europe/Berlin] Données reçues - Username: affiba.j
[21-May-2025 23:06:16 Europe/Berlin] Tentative de vérification de connexion
[21-May-2025 23:06:16 Europe/Berlin] Début de la vérification de connexion pour l'utilisateur: affiba.j
[21-May-2025 23:06:16 Europe/Berlin] Utilisateur trouvé dans la base de données
[21-May-2025 23:06:16 Europe/Berlin] Hash stocké: $2y$10$of2PP/qVDDaOjRi3C0yt0Ox09J.UYn6rxGmtYO/Q5IdQxRy/nnGbq
[21-May-2025 23:06:16 Europe/Berlin] Mot de passe vérifié avec succès
[21-May-2025 23:06:16 Europe/Berlin] Session initialisée avec succès
[21-May-2025 23:06:16 Europe/Berlin] Connexion réussie, tentative de redirection
[22-May-2025 17:49:55 Europe/Berlin] Connexion à la base de données réussie
[22-May-2025 17:56:54 Europe/Berlin] Connexion à la base de données réussie
[22-May-2025 17:56:56 Europe/Berlin] Connexion à la base de données réussie
[22-May-2025 17:57:33 Europe/Berlin] Connexion à la base de données réussie
[22-May-2025 18:12:11 Europe/Berlin] Connexion à la base de données réussie
[22-May-2025 18:12:20 Europe/Berlin] Connexion à la base de données réussie
[22-May-2025 18:12:20 Europe/Berlin] Réception d'une requête POST
[22-May-2025 18:12:20 Europe/Berlin] Données reçues - Username: affiba.j
[22-May-2025 18:12:20 Europe/Berlin] Tentative de vérification de connexion
[22-May-2025 18:12:20 Europe/Berlin] Début de la vérification de connexion pour l'utilisateur: affiba.j
[22-May-2025 18:12:20 Europe/Berlin] Utilisateur trouvé dans la base de données
[22-May-2025 18:12:20 Europe/Berlin] Hash stocké: $2y$10$of2PP/qVDDaOjRi3C0yt0Ox09J.UYn6rxGmtYO/Q5IdQxRy/nnGbq
[22-May-2025 18:12:20 Europe/Berlin] Mot de passe vérifié avec succès
[22-May-2025 18:12:20 Europe/Berlin] Session initialisée avec succès
[22-May-2025 18:12:20 Europe/Berlin] Connexion réussie, tentative de redirection
[22-May-2025 18:12:39 Europe/Berlin] Connexion à la base de données réussie
[22-May-2025 18:12:39 Europe/Berlin] Réception d'une requête POST
[22-May-2025 18:12:39 Europe/Berlin] Données reçues - Username: admin
[22-May-2025 18:12:39 Europe/Berlin] Tentative de vérification de connexion
[22-May-2025 18:12:39 Europe/Berlin] Début de la vérification de connexion pour l'utilisateur: admin
[22-May-2025 18:12:39 Europe/Berlin] Utilisateur trouvé dans la base de données
[22-May-2025 18:12:39 Europe/Berlin] Hash stocké: $2y$10$3GX3lYs0f/iSttZhUNYf1.3026KnlSv18x2TNkj2N2thSxjcHnwjG
[22-May-2025 18:12:39 Europe/Berlin] Mot de passe vérifié avec succès
[22-May-2025 18:12:39 Europe/Berlin] Session initialisée avec succès
[22-May-2025 18:12:39 Europe/Berlin] Connexion réussie, tentative de redirection
[22-May-2025 18:22:55 Europe/Berlin] Connexion à la base de données réussie
[22-May-2025 18:23:26 Europe/Berlin] Connexion à la base de données réussie
[22-May-2025 18:23:26 Europe/Berlin] Réception d'une requête POST
[22-May-2025 18:23:26 Europe/Berlin] Données reçues - Username: admin
[22-May-2025 18:23:26 Europe/Berlin] Tentative de vérification de connexion
[22-May-2025 18:23:26 Europe/Berlin] Début de la vérification de connexion pour l'utilisateur: admin
[22-May-2025 18:23:26 Europe/Berlin] Utilisateur trouvé dans la base de données
[22-May-2025 18:23:26 Europe/Berlin] Hash stocké: $2y$10$3GX3lYs0f/iSttZhUNYf1.3026KnlSv18x2TNkj2N2thSxjcHnwjG
[22-May-2025 18:23:26 Europe/Berlin] Mot de passe vérifié avec succès
[22-May-2025 18:23:26 Europe/Berlin] Session initialisée avec succès
[22-May-2025 18:23:26 Europe/Berlin] Connexion réussie, tentative de redirection
[23-May-2025 10:12:25 Europe/Berlin] Connexion à la base de données réussie
[23-May-2025 10:14:41 Europe/Berlin] Connexion à la base de données réussie
[23-May-2025 10:14:43 Europe/Berlin] Connexion à la base de données réussie
[23-May-2025 10:14:43 Europe/Berlin] Réception d'une requête POST
[23-May-2025 10:14:43 Europe/Berlin] Données reçues - Username: admin
[23-May-2025 10:14:43 Europe/Berlin] Tentative de vérification de connexion
[23-May-2025 10:14:43 Europe/Berlin] Début de la vérification de connexion pour l'utilisateur: admin
[23-May-2025 10:14:43 Europe/Berlin] Utilisateur trouvé dans la base de données
[23-May-2025 10:14:43 Europe/Berlin] Hash stocké: $2y$10$3GX3lYs0f/iSttZhUNYf1.3026KnlSv18x2TNkj2N2thSxjcHnwjG
[23-May-2025 10:14:43 Europe/Berlin] Mot de passe vérifié avec succès
[23-May-2025 10:14:43 Europe/Berlin] Session initialisée avec succès
[23-May-2025 10:14:43 Europe/Berlin] Connexion réussie, tentative de redirection
[23-May-2025 21:58:44 Europe/Berlin] Connexion à la base de données réussie
[23-May-2025 21:58:57 Europe/Berlin] Connexion à la base de données réussie
[23-May-2025 21:58:57 Europe/Berlin] Réception d'une requête POST
[23-May-2025 21:58:57 Europe/Berlin] Données reçues - Username: admin
[23-May-2025 21:58:57 Europe/Berlin] Tentative de vérification de connexion
[23-May-2025 21:58:57 Europe/Berlin] Début de la vérification de connexion pour l'utilisateur: admin
[23-May-2025 21:58:57 Europe/Berlin] Utilisateur trouvé dans la base de données
[23-May-2025 21:58:57 Europe/Berlin] Hash stocké: $2y$10$3GX3lYs0f/iSttZhUNYf1.3026KnlSv18x2TNkj2N2thSxjcHnwjG
[23-May-2025 21:58:57 Europe/Berlin] Mot de passe vérifié avec succès
[23-May-2025 21:58:57 Europe/Berlin] Session initialisée avec succès
[23-May-2025 21:58:57 Europe/Berlin] Connexion réussie, tentative de redirection
[24-May-2025 01:07:44 Europe/Berlin] Connexion à la base de données réussie
[24-May-2025 01:07:56 Europe/Berlin] Connexion à la base de données réussie
[24-May-2025 01:07:56 Europe/Berlin] Réception d'une requête POST
[24-May-2025 01:07:56 Europe/Berlin] Données reçues - Username: admin
[24-May-2025 01:07:56 Europe/Berlin] Tentative de vérification de connexion
[24-May-2025 01:07:56 Europe/Berlin] Début de la vérification de connexion pour l'utilisateur: admin
[24-May-2025 01:07:56 Europe/Berlin] Utilisateur trouvé dans la base de données
[24-May-2025 01:07:56 Europe/Berlin] Hash stocké: $2y$10$3GX3lYs0f/iSttZhUNYf1.3026KnlSv18x2TNkj2N2thSxjcHnwjG
[24-May-2025 01:07:56 Europe/Berlin] Mot de passe vérifié avec succès
[24-May-2025 01:07:56 Europe/Berlin] Session initialisée avec succès
[24-May-2025 01:07:56 Europe/Berlin] Connexion réussie, tentative de redirection
[24-May-2025 08:54:28 Africa/Abidjan] PHP Fatal error:  Uncaught Error: Call to undefined function getDBConnection() in C:\xampp\htdocs\logec\index.php:11
Stack trace:
#0 {main}
  thrown in C:\xampp\htdocs\logec\index.php on line 11
[24-May-2025 08:56:57 Africa/Abidjan] Connexion à la base de données réussie
[24-May-2025 08:57:06 Africa/Abidjan] Connexion à la base de données réussie
[24-May-2025 08:57:06 Africa/Abidjan] Réception d'une requête POST
[24-May-2025 08:57:06 Africa/Abidjan] Données reçues - Username: admin
[24-May-2025 08:57:06 Africa/Abidjan] Tentative de vérification de connexion
[24-May-2025 08:57:06 Africa/Abidjan] Début de la vérification de connexion pour l'utilisateur: admin
[24-May-2025 08:57:07 Africa/Abidjan] Utilisateur trouvé dans la base de données
[24-May-2025 08:57:07 Africa/Abidjan] Hash stocké: $2y$10$3GX3lYs0f/iSttZhUNYf1.3026KnlSv18x2TNkj2N2thSxjcHnwjG
[24-May-2025 08:57:07 Africa/Abidjan] Mot de passe vérifié avec succès
[24-May-2025 08:57:07 Africa/Abidjan] Session initialisée avec succès
[24-May-2025 08:57:07 Africa/Abidjan] Connexion réussie, tentative de redirection
[24-May-2025 08:58:08 Africa/Abidjan] Connexion à la base de données réussie
[24-May-2025 08:58:23 Africa/Abidjan] Connexion à la base de données réussie
[24-May-2025 08:58:23 Africa/Abidjan] Réception d'une requête POST
[24-May-2025 08:58:23 Africa/Abidjan] Données reçues - Username: admin
[24-May-2025 08:58:23 Africa/Abidjan] Tentative de vérification de connexion
[24-May-2025 08:58:23 Africa/Abidjan] Début de la vérification de connexion pour l'utilisateur: admin
[24-May-2025 08:58:23 Africa/Abidjan] Utilisateur trouvé dans la base de données
[24-May-2025 08:58:23 Africa/Abidjan] Hash stocké: $2y$10$3GX3lYs0f/iSttZhUNYf1.3026KnlSv18x2TNkj2N2thSxjcHnwjG
[24-May-2025 08:58:24 Africa/Abidjan] Mot de passe vérifié avec succès
[24-May-2025 08:58:24 Africa/Abidjan] Session initialisée avec succès
[24-May-2025 08:58:24 Africa/Abidjan] Connexion réussie, tentative de redirection
[24-May-2025 08:59:23 Africa/Abidjan] Connexion à la base de données réussie
[24-May-2025 08:59:32 Africa/Abidjan] Connexion à la base de données réussie
[24-May-2025 08:59:32 Africa/Abidjan] Réception d'une requête POST
[24-May-2025 08:59:32 Africa/Abidjan] Données reçues - Username: admin
[24-May-2025 08:59:32 Africa/Abidjan] Tentative de vérification de connexion
[24-May-2025 08:59:32 Africa/Abidjan] Début de la vérification de connexion pour l'utilisateur: admin
[24-May-2025 08:59:32 Africa/Abidjan] Utilisateur trouvé dans la base de données
[24-May-2025 08:59:32 Africa/Abidjan] Hash stocké: $2y$10$3GX3lYs0f/iSttZhUNYf1.3026KnlSv18x2TNkj2N2thSxjcHnwjG
[24-May-2025 08:59:32 Africa/Abidjan] Mot de passe vérifié avec succès
[24-May-2025 08:59:32 Africa/Abidjan] Session initialisée avec succès
[24-May-2025 08:59:32 Africa/Abidjan] Connexion réussie, tentative de redirection
[24-May-2025 08:59:52 Africa/Abidjan] Connexion à la base de données réussie
[24-May-2025 09:00:41 Africa/Abidjan] Connexion à la base de données réussie
[24-May-2025 09:00:41 Africa/Abidjan] Réception d'une requête POST
[24-May-2025 09:00:41 Africa/Abidjan] Données reçues - Username: admin
[24-May-2025 09:00:41 Africa/Abidjan] Tentative de vérification de connexion
[24-May-2025 09:00:41 Africa/Abidjan] Début de la vérification de connexion pour l'utilisateur: admin
[24-May-2025 09:00:41 Africa/Abidjan] Utilisateur trouvé dans la base de données
[24-May-2025 09:00:41 Africa/Abidjan] Hash stocké: $2y$10$3GX3lYs0f/iSttZhUNYf1.3026KnlSv18x2TNkj2N2thSxjcHnwjG
[24-May-2025 09:00:41 Africa/Abidjan] Mot de passe vérifié avec succès
[24-May-2025 09:00:41 Africa/Abidjan] Session initialisée avec succès
[24-May-2025 09:00:41 Africa/Abidjan] Connexion réussie, tentative de redirection
[24-May-2025 09:04:41 Africa/Abidjan] Connexion à la base de données réussie
[24-May-2025 09:04:51 Africa/Abidjan] Connexion à la base de données réussie
[24-May-2025 09:04:51 Africa/Abidjan] Réception d'une requête POST
[24-May-2025 09:04:51 Africa/Abidjan] Données reçues - Username: admin
[24-May-2025 09:04:51 Africa/Abidjan] Tentative de vérification de connexion
[24-May-2025 09:04:51 Africa/Abidjan] Début de la vérification de connexion pour l'utilisateur: admin
[24-May-2025 09:04:51 Africa/Abidjan] Utilisateur trouvé dans la base de données
[24-May-2025 09:04:51 Africa/Abidjan] Hash stocké: $2y$10$3GX3lYs0f/iSttZhUNYf1.3026KnlSv18x2TNkj2N2thSxjcHnwjG
[24-May-2025 09:04:51 Africa/Abidjan] Mot de passe vérifié avec succès
[24-May-2025 09:04:51 Africa/Abidjan] Session initialisée avec succès
[24-May-2025 09:04:51 Africa/Abidjan] Connexion réussie, tentative de redirection
[24-May-2025 09:06:01 Africa/Abidjan] Connexion à la base de données réussie
[24-May-2025 09:06:06 Africa/Abidjan] Connexion à la base de données réussie
[24-May-2025 09:06:47 Africa/Abidjan] Connexion à la base de données réussie
[24-May-2025 09:06:47 Africa/Abidjan] Réception d'une requête POST
[24-May-2025 09:06:47 Africa/Abidjan] Données reçues - Username: admin
[24-May-2025 09:06:47 Africa/Abidjan] Tentative de vérification de connexion
[24-May-2025 09:06:47 Africa/Abidjan] Début de la vérification de connexion pour l'utilisateur: admin
[24-May-2025 09:06:47 Africa/Abidjan] Utilisateur trouvé dans la base de données
[24-May-2025 09:06:47 Africa/Abidjan] Hash stocké: $2y$10$3GX3lYs0f/iSttZhUNYf1.3026KnlSv18x2TNkj2N2thSxjcHnwjG
[24-May-2025 09:06:47 Africa/Abidjan] Mot de passe vérifié avec succès
[24-May-2025 09:06:47 Africa/Abidjan] Session initialisée avec succès
[24-May-2025 09:06:47 Africa/Abidjan] Connexion réussie, tentative de redirection
[24-May-2025 09:08:40 Africa/Abidjan] Connexion à la base de données réussie
[24-May-2025 09:08:45 Africa/Abidjan] Connexion à la base de données réussie
[24-May-2025 09:08:45 Africa/Abidjan] Réception d'une requête POST
[24-May-2025 09:08:45 Africa/Abidjan] Données reçues - Username: admin
[24-May-2025 09:08:45 Africa/Abidjan] Tentative de vérification de connexion
[24-May-2025 09:08:45 Africa/Abidjan] Début de la vérification de connexion pour l'utilisateur: admin
[24-May-2025 09:08:45 Africa/Abidjan] Utilisateur trouvé dans la base de données
[24-May-2025 09:08:45 Africa/Abidjan] Hash stocké: $2y$10$3GX3lYs0f/iSttZhUNYf1.3026KnlSv18x2TNkj2N2thSxjcHnwjG
[24-May-2025 09:08:45 Africa/Abidjan] Mot de passe vérifié avec succès
[24-May-2025 09:08:45 Africa/Abidjan] Session initialisée avec succès
[24-May-2025 09:08:45 Africa/Abidjan] Connexion réussie, tentative de redirection
[24-May-2025 09:18:17 Africa/Abidjan] Connexion à la base de données réussie
[24-May-2025 09:18:44 Africa/Abidjan] Connexion à la base de données réussie
[24-May-2025 09:18:44 Africa/Abidjan] Réception d'une requête POST
[24-May-2025 09:18:44 Africa/Abidjan] Données reçues - Username: admin
[24-May-2025 09:18:44 Africa/Abidjan] Tentative de vérification de connexion
[24-May-2025 09:18:44 Africa/Abidjan] Début de la vérification de connexion pour l'utilisateur: admin
[24-May-2025 09:18:44 Africa/Abidjan] Utilisateur trouvé dans la base de données
[24-May-2025 09:18:44 Africa/Abidjan] Hash stocké: $2y$10$3GX3lYs0f/iSttZhUNYf1.3026KnlSv18x2TNkj2N2thSxjcHnwjG
[24-May-2025 09:18:44 Africa/Abidjan] Mot de passe vérifié avec succès
[24-May-2025 09:18:44 Africa/Abidjan] Session initialisée avec succès
[24-May-2025 09:18:44 Africa/Abidjan] Connexion réussie, tentative de redirection
[24-May-2025 09:20:36 Africa/Abidjan] Connexion à la base de données réussie
[24-May-2025 09:20:47 Africa/Abidjan] Connexion à la base de données réussie
[24-May-2025 09:20:47 Africa/Abidjan] Réception d'une requête POST
[24-May-2025 09:20:47 Africa/Abidjan] Données reçues - Username: admin
[24-May-2025 09:20:47 Africa/Abidjan] Tentative de vérification de connexion
[24-May-2025 09:20:47 Africa/Abidjan] Début de la vérification de connexion pour l'utilisateur: admin
[24-May-2025 09:20:47 Africa/Abidjan] Utilisateur trouvé dans la base de données
[24-May-2025 09:20:47 Africa/Abidjan] Hash stocké: $2y$10$3GX3lYs0f/iSttZhUNYf1.3026KnlSv18x2TNkj2N2thSxjcHnwjG
[24-May-2025 09:20:47 Africa/Abidjan] Mot de passe vérifié avec succès
[24-May-2025 09:20:47 Africa/Abidjan] Session initialisée avec succès
[24-May-2025 09:20:47 Africa/Abidjan] Connexion réussie, tentative de redirection
[24-May-2025 09:24:27 Africa/Abidjan] Connexion à la base de données réussie
[24-May-2025 09:24:37 Africa/Abidjan] Connexion à la base de données réussie
[24-May-2025 09:24:37 Africa/Abidjan] Réception d'une requête POST
[24-May-2025 09:24:37 Africa/Abidjan] Données reçues - Username: admin
[24-May-2025 09:24:37 Africa/Abidjan] Tentative de vérification de connexion
[24-May-2025 09:24:37 Africa/Abidjan] Début de la vérification de connexion pour l'utilisateur: admin
[24-May-2025 09:24:37 Africa/Abidjan] Utilisateur trouvé dans la base de données
[24-May-2025 09:24:37 Africa/Abidjan] Hash stocké: $2y$10$3GX3lYs0f/iSttZhUNYf1.3026KnlSv18x2TNkj2N2thSxjcHnwjG
[24-May-2025 09:24:37 Africa/Abidjan] Mot de passe vérifié avec succès
[24-May-2025 09:24:37 Africa/Abidjan] Session initialisée avec succès
[24-May-2025 09:24:37 Africa/Abidjan] Connexion réussie, tentative de redirection
[24-May-2025 09:32:28 Africa/Abidjan] Connexion à la base de données réussie
[24-May-2025 09:32:40 Africa/Abidjan] Connexion à la base de données réussie
[24-May-2025 09:32:40 Africa/Abidjan] Réception d'une requête POST
[24-May-2025 09:32:40 Africa/Abidjan] Données reçues - Username: admin
[24-May-2025 09:32:40 Africa/Abidjan] Tentative de vérification de connexion
[24-May-2025 09:32:40 Africa/Abidjan] Début de la vérification de connexion pour l'utilisateur: admin
[24-May-2025 09:32:40 Africa/Abidjan] Utilisateur trouvé dans la base de données
[24-May-2025 09:32:40 Africa/Abidjan] Hash stocké: $2y$10$3GX3lYs0f/iSttZhUNYf1.3026KnlSv18x2TNkj2N2thSxjcHnwjG
[24-May-2025 09:32:40 Africa/Abidjan] Mot de passe vérifié avec succès
[24-May-2025 09:32:40 Africa/Abidjan] Session initialisée avec succès
[24-May-2025 09:32:40 Africa/Abidjan] Connexion réussie, tentative de redirection
[24-May-2025 10:33:08 Africa/Abidjan] Connexion à la base de données réussie
[24-May-2025 10:33:17 Africa/Abidjan] Connexion à la base de données réussie
[24-May-2025 10:33:17 Africa/Abidjan] Réception d'une requête POST
[24-May-2025 10:33:17 Africa/Abidjan] Données reçues - Username: admin
[24-May-2025 10:33:17 Africa/Abidjan] Tentative de vérification de connexion
[24-May-2025 10:33:17 Africa/Abidjan] Début de la vérification de connexion pour l'utilisateur: admin
[24-May-2025 10:33:17 Africa/Abidjan] Utilisateur trouvé dans la base de données
[24-May-2025 10:33:17 Africa/Abidjan] Hash stocké: $2y$10$3GX3lYs0f/iSttZhUNYf1.3026KnlSv18x2TNkj2N2thSxjcHnwjG
[24-May-2025 10:33:17 Africa/Abidjan] Mot de passe vérifié avec succès
[24-May-2025 10:33:17 Africa/Abidjan] Session initialisée avec succès
[24-May-2025 10:33:17 Africa/Abidjan] Connexion réussie, tentative de redirection
[31-May-2025 09:51:37 Africa/Abidjan] Connexion à la base de données réussie
[31-May-2025 09:51:41 Africa/Abidjan] Connexion à la base de données réussie
[31-May-2025 09:51:41 Africa/Abidjan] Réception d'une requête POST
[31-May-2025 09:51:41 Africa/Abidjan] Données reçues - Username: admin
[31-May-2025 09:51:41 Africa/Abidjan] Tentative de vérification de connexion
[31-May-2025 09:51:41 Africa/Abidjan] Début de la vérification de connexion pour l'utilisateur: admin
[31-May-2025 09:51:41 Africa/Abidjan] Utilisateur trouvé dans la base de données
[31-May-2025 09:51:41 Africa/Abidjan] Hash stocké: $2y$10$3GX3lYs0f/iSttZhUNYf1.3026KnlSv18x2TNkj2N2thSxjcHnwjG
[31-May-2025 09:51:41 Africa/Abidjan] Mot de passe vérifié avec succès
[31-May-2025 09:51:41 Africa/Abidjan] Session initialisée avec succès
[31-May-2025 09:51:41 Africa/Abidjan] Connexion réussie, tentative de redirection
[31-May-2025 12:44:12 Africa/Abidjan] Connexion à la base de données réussie
[31-May-2025 12:44:15 Africa/Abidjan] Connexion à la base de données réussie
[31-May-2025 12:44:15 Africa/Abidjan] Réception d'une requête POST
[31-May-2025 12:44:15 Africa/Abidjan] Données reçues - Username: admin
[31-May-2025 12:44:15 Africa/Abidjan] Tentative de vérification de connexion
[31-May-2025 12:44:15 Africa/Abidjan] Début de la vérification de connexion pour l'utilisateur: admin
[31-May-2025 12:44:15 Africa/Abidjan] Utilisateur trouvé dans la base de données
[31-May-2025 12:44:15 Africa/Abidjan] Hash stocké: $2y$10$3GX3lYs0f/iSttZhUNYf1.3026KnlSv18x2TNkj2N2thSxjcHnwjG
[31-May-2025 12:44:15 Africa/Abidjan] Mot de passe vérifié avec succès
[31-May-2025 12:44:15 Africa/Abidjan] Session initialisée avec succès
[31-May-2025 12:44:15 Africa/Abidjan] Connexion réussie, tentative de redirection
[31-May-2025 12:44:24 Africa/Abidjan] Connexion à la base de données réussie
[31-May-2025 12:44:24 Africa/Abidjan] Réception d'une requête POST
[31-May-2025 12:44:24 Africa/Abidjan] Données reçues - Username: admin
[31-May-2025 12:44:24 Africa/Abidjan] Tentative de vérification de connexion
[31-May-2025 12:44:24 Africa/Abidjan] Début de la vérification de connexion pour l'utilisateur: admin
[31-May-2025 12:44:24 Africa/Abidjan] Utilisateur trouvé dans la base de données
[31-May-2025 12:44:24 Africa/Abidjan] Hash stocké: $2y$10$3GX3lYs0f/iSttZhUNYf1.3026KnlSv18x2TNkj2N2thSxjcHnwjG
[31-May-2025 12:44:24 Africa/Abidjan] Mot de passe vérifié avec succès
[31-May-2025 12:44:24 Africa/Abidjan] Session initialisée avec succès
[31-May-2025 12:44:24 Africa/Abidjan] Connexion réussie, tentative de redirection
[31-May-2025 12:47:49 Africa/Abidjan] Connexion à la base de données réussie
[31-May-2025 12:48:56 Africa/Abidjan] Connexion à la base de données réussie
[31-May-2025 12:49:16 Africa/Abidjan] Connexion à la base de données réussie
[31-May-2025 16:22:34 Africa/Abidjan] Connexion à la base de données réussie
[31-May-2025 16:22:36 Africa/Abidjan] Connexion à la base de données réussie
[31-May-2025 16:22:36 Africa/Abidjan] Réception d'une requête POST
[31-May-2025 16:22:36 Africa/Abidjan] Données reçues - Username: admin
[31-May-2025 16:22:36 Africa/Abidjan] Tentative de vérification de connexion
[31-May-2025 16:22:36 Africa/Abidjan] Début de la vérification de connexion pour l'utilisateur: admin
[31-May-2025 16:22:36 Africa/Abidjan] Utilisateur trouvé dans la base de données
[31-May-2025 16:22:36 Africa/Abidjan] Hash stocké: $2y$10$3GX3lYs0f/iSttZhUNYf1.3026KnlSv18x2TNkj2N2thSxjcHnwjG
[31-May-2025 16:22:36 Africa/Abidjan] Mot de passe vérifié avec succès
[31-May-2025 16:22:36 Africa/Abidjan] Session initialisée avec succès
[31-May-2025 16:22:36 Africa/Abidjan] Connexion réussie, tentative de redirection
[31-May-2025 16:44:43 Africa/Abidjan] Connexion à la base de données réussie
[31-May-2025 16:44:46 Africa/Abidjan] Connexion à la base de données réussie
[31-May-2025 16:44:46 Africa/Abidjan] Réception d'une requête POST
[31-May-2025 16:44:46 Africa/Abidjan] Données reçues - Username: admin
[31-May-2025 16:44:46 Africa/Abidjan] Tentative de vérification de connexion
[31-May-2025 16:44:46 Africa/Abidjan] Début de la vérification de connexion pour l'utilisateur: admin
[31-May-2025 16:44:46 Africa/Abidjan] Erreur lors de la vérification de connexion : SQLSTATE[42S02]: Base table or view not found: 1146 Table 'logec.admin' doesn't exist
[31-May-2025 16:44:46 Africa/Abidjan] Échec de la connexion
[31-May-2025 16:44:53 Africa/Abidjan] Connexion à la base de données réussie
[31-May-2025 16:44:53 Africa/Abidjan] Réception d'une requête POST
[31-May-2025 16:44:53 Africa/Abidjan] Données reçues - Username: admin
[31-May-2025 16:44:53 Africa/Abidjan] Tentative de vérification de connexion
[31-May-2025 16:44:53 Africa/Abidjan] Début de la vérification de connexion pour l'utilisateur: admin
[31-May-2025 16:44:53 Africa/Abidjan] Erreur lors de la vérification de connexion : SQLSTATE[42S02]: Base table or view not found: 1146 Table 'logec.admin' doesn't exist
[31-May-2025 16:44:53 Africa/Abidjan] Échec de la connexion
[31-May-2025 16:44:59 Africa/Abidjan] Connexion à la base de données réussie
[31-May-2025 16:44:59 Africa/Abidjan] Réception d'une requête POST
[31-May-2025 16:44:59 Africa/Abidjan] Données reçues - Username: admin
[31-May-2025 16:44:59 Africa/Abidjan] Tentative de vérification de connexion
[31-May-2025 16:44:59 Africa/Abidjan] Début de la vérification de connexion pour l'utilisateur: admin
[31-May-2025 16:44:59 Africa/Abidjan] Erreur lors de la vérification de connexion : SQLSTATE[42S02]: Base table or view not found: 1146 Table 'logec.admin' doesn't exist
[31-May-2025 16:44:59 Africa/Abidjan] Échec de la connexion
[31-May-2025 16:45:09 Africa/Abidjan] Connexion à la base de données réussie
[31-May-2025 16:45:09 Africa/Abidjan] Réception d'une requête POST
[31-May-2025 16:45:09 Africa/Abidjan] Données reçues - Username: admin
[31-May-2025 16:45:09 Africa/Abidjan] Tentative de vérification de connexion
[31-May-2025 16:45:09 Africa/Abidjan] Début de la vérification de connexion pour l'utilisateur: admin
[31-May-2025 16:45:09 Africa/Abidjan] Erreur lors de la vérification de connexion : SQLSTATE[42S02]: Base table or view not found: 1146 Table 'logec.admin' doesn't exist
[31-May-2025 16:45:09 Africa/Abidjan] Échec de la connexion
[31-May-2025 16:46:11 Africa/Abidjan] Connexion à la base de données réussie
[31-May-2025 16:46:11 Africa/Abidjan] Réception d'une requête POST
[31-May-2025 16:46:11 Africa/Abidjan] Données reçues - Username: admin
[31-May-2025 16:46:11 Africa/Abidjan] Tentative de vérification de connexion
[31-May-2025 16:46:11 Africa/Abidjan] Début de la vérification de connexion pour l'utilisateur: admin
[31-May-2025 16:46:11 Africa/Abidjan] Erreur lors de la vérification de connexion : SQLSTATE[42S02]: Base table or view not found: 1146 Table 'logec.admin' doesn't exist
[31-May-2025 16:46:11 Africa/Abidjan] Échec de la connexion
[31-May-2025 16:58:31 Africa/Abidjan] Connexion à la base de données réussie
[31-May-2025 16:58:33 Africa/Abidjan] Connexion à la base de données réussie
[31-May-2025 16:58:33 Africa/Abidjan] Réception d'une requête POST
[31-May-2025 16:58:33 Africa/Abidjan] Données reçues - Username: admin
[31-May-2025 16:58:33 Africa/Abidjan] Tentative de vérification de connexion
[31-May-2025 16:58:33 Africa/Abidjan] Début de la vérification de connexion pour l'utilisateur: admin
[31-May-2025 16:58:33 Africa/Abidjan] Utilisateur trouvé dans la base de données
[31-May-2025 16:58:33 Africa/Abidjan] Hash stocké: $2y$10$3GX3lYs0f/iSttZhUNYf1.3026KnlSv18x2TNkj2N2thSxjcHnwjG
[31-May-2025 16:58:33 Africa/Abidjan] Mot de passe vérifié avec succès
[31-May-2025 16:58:33 Africa/Abidjan] Session initialisée avec succès
[31-May-2025 16:58:33 Africa/Abidjan] Connexion réussie, tentative de redirection
[02-Jun-2025 16:05:38 Africa/Abidjan] Connexion à la base de données réussie
[02-Jun-2025 16:05:45 Africa/Abidjan] Connexion à la base de données réussie
[02-Jun-2025 16:05:45 Africa/Abidjan] Réception d'une requête POST
[02-Jun-2025 16:05:45 Africa/Abidjan] Données reçues - Username: admin
[02-Jun-2025 16:05:45 Africa/Abidjan] Tentative de vérification de connexion
[02-Jun-2025 16:05:45 Africa/Abidjan] Début de la vérification de connexion pour l'utilisateur: admin
[02-Jun-2025 16:05:45 Africa/Abidjan] Utilisateur trouvé dans la base de données
[02-Jun-2025 16:05:45 Africa/Abidjan] Hash stocké: $2y$10$3GX3lYs0f/iSttZhUNYf1.3026KnlSv18x2TNkj2N2thSxjcHnwjG
[02-Jun-2025 16:05:45 Africa/Abidjan] Mot de passe vérifié avec succès
[02-Jun-2025 16:05:45 Africa/Abidjan] Session initialisée avec succès
[02-Jun-2025 16:05:45 Africa/Abidjan] Connexion réussie, tentative de redirection
[02-Jun-2025 22:01:37 Africa/Abidjan] Connexion à la base de données réussie
[02-Jun-2025 22:01:37 Africa/Abidjan] Connexion à la base de données réussie
[02-Jun-2025 22:01:44 Africa/Abidjan] Connexion à la base de données réussie
[02-Jun-2025 22:01:44 Africa/Abidjan] Réception d'une requête POST
[02-Jun-2025 22:01:44 Africa/Abidjan] Données reçues - Username: admin
[02-Jun-2025 22:01:44 Africa/Abidjan] Tentative de vérification de connexion
[02-Jun-2025 22:01:44 Africa/Abidjan] Début de la vérification de connexion pour l'utilisateur: admin
[02-Jun-2025 22:01:44 Africa/Abidjan] Utilisateur trouvé dans la base de données
[02-Jun-2025 22:01:44 Africa/Abidjan] Hash stocké: $2y$10$3GX3lYs0f/iSttZhUNYf1.3026KnlSv18x2TNkj2N2thSxjcHnwjG
[02-Jun-2025 22:01:44 Africa/Abidjan] Mot de passe vérifié avec succès
[02-Jun-2025 22:01:44 Africa/Abidjan] Session initialisée avec succès
[02-Jun-2025 22:01:44 Africa/Abidjan] Connexion réussie, tentative de redirection
[02-Jun-2025 22:05:18 Africa/Abidjan] Connexion à la base de données réussie
[02-Jun-2025 22:05:20 Africa/Abidjan] Connexion à la base de données réussie
[02-Jun-2025 22:05:20 Africa/Abidjan] Réception d'une requête POST
[02-Jun-2025 22:05:20 Africa/Abidjan] Données reçues - Username: admin
[02-Jun-2025 22:05:20 Africa/Abidjan] Tentative de vérification de connexion
[02-Jun-2025 22:05:20 Africa/Abidjan] Début de la vérification de connexion pour l'utilisateur: admin
[02-Jun-2025 22:05:20 Africa/Abidjan] Utilisateur trouvé dans la base de données
[02-Jun-2025 22:05:20 Africa/Abidjan] Hash stocké: $2y$10$3GX3lYs0f/iSttZhUNYf1.3026KnlSv18x2TNkj2N2thSxjcHnwjG
[02-Jun-2025 22:05:20 Africa/Abidjan] Mot de passe vérifié avec succès
[02-Jun-2025 22:05:20 Africa/Abidjan] Session initialisée avec succès
[02-Jun-2025 22:05:20 Africa/Abidjan] Connexion réussie, tentative de redirection
[02-Jun-2025 22:05:26 Africa/Abidjan] Connexion à la base de données réussie
[02-Jun-2025 22:08:24 Africa/Abidjan] Connexion à la base de données réussie
[02-Jun-2025 22:08:26 Africa/Abidjan] Connexion à la base de données réussie
[02-Jun-2025 22:08:26 Africa/Abidjan] Réception d'une requête POST
[02-Jun-2025 22:08:26 Africa/Abidjan] Données reçues - Username: admin
[02-Jun-2025 22:08:26 Africa/Abidjan] Tentative de vérification de connexion
[02-Jun-2025 22:08:26 Africa/Abidjan] Début de la vérification de connexion pour l'utilisateur: admin
[02-Jun-2025 22:08:26 Africa/Abidjan] Utilisateur trouvé dans la base de données
[02-Jun-2025 22:08:26 Africa/Abidjan] Hash stocké: $2y$10$3GX3lYs0f/iSttZhUNYf1.3026KnlSv18x2TNkj2N2thSxjcHnwjG
[02-Jun-2025 22:08:26 Africa/Abidjan] Mot de passe vérifié avec succès
[02-Jun-2025 22:08:26 Africa/Abidjan] Session initialisée avec succès
[02-Jun-2025 22:08:26 Africa/Abidjan] Connexion réussie, tentative de redirection
[02-Jun-2025 22:15:56 Africa/Abidjan] Connexion à la base de données réussie
[02-Jun-2025 22:22:16 Africa/Abidjan] Connexion à la base de données réussie
[02-Jun-2025 22:22:20 Africa/Abidjan] Connexion à la base de données réussie
[02-Jun-2025 22:22:20 Africa/Abidjan] Réception d'une requête POST
[02-Jun-2025 22:22:20 Africa/Abidjan] Données reçues - Username: admin
[02-Jun-2025 22:22:20 Africa/Abidjan] Tentative de vérification de connexion
[02-Jun-2025 22:22:20 Africa/Abidjan] Début de la vérification de connexion pour l'utilisateur: admin
[02-Jun-2025 22:22:20 Africa/Abidjan] Utilisateur trouvé dans la base de données
[02-Jun-2025 22:22:20 Africa/Abidjan] Hash stocké: $2y$10$3GX3lYs0f/iSttZhUNYf1.3026KnlSv18x2TNkj2N2thSxjcHnwjG
[02-Jun-2025 22:22:20 Africa/Abidjan] Mot de passe vérifié avec succès
[02-Jun-2025 22:22:20 Africa/Abidjan] Session initialisée avec succès
[02-Jun-2025 22:22:20 Africa/Abidjan] Connexion réussie, tentative de redirection
[02-Jun-2025 22:23:00 Africa/Abidjan] Connexion à la base de données réussie
[02-Jun-2025 22:23:03 Africa/Abidjan] Connexion à la base de données réussie
[02-Jun-2025 22:23:03 Africa/Abidjan] Réception d'une requête POST
[02-Jun-2025 22:23:03 Africa/Abidjan] Données reçues - Username: admin
[02-Jun-2025 22:23:03 Africa/Abidjan] Tentative de vérification de connexion
[02-Jun-2025 22:23:03 Africa/Abidjan] Début de la vérification de connexion pour l'utilisateur: admin
[02-Jun-2025 22:23:03 Africa/Abidjan] Utilisateur trouvé dans la base de données
[02-Jun-2025 22:23:03 Africa/Abidjan] Hash stocké: $2y$10$3GX3lYs0f/iSttZhUNYf1.3026KnlSv18x2TNkj2N2thSxjcHnwjG
[02-Jun-2025 22:23:03 Africa/Abidjan] Mot de passe vérifié avec succès
[02-Jun-2025 22:23:03 Africa/Abidjan] Session initialisée avec succès
[02-Jun-2025 22:23:03 Africa/Abidjan] Connexion réussie, tentative de redirection
[02-Jun-2025 22:23:19 Africa/Abidjan] Connexion à la base de données réussie
[02-Jun-2025 22:23:22 Africa/Abidjan] Connexion à la base de données réussie
[02-Jun-2025 22:23:22 Africa/Abidjan] Réception d'une requête POST
[02-Jun-2025 22:23:22 Africa/Abidjan] Données reçues - Username: admin
[02-Jun-2025 22:23:22 Africa/Abidjan] Tentative de vérification de connexion
[02-Jun-2025 22:23:22 Africa/Abidjan] Début de la vérification de connexion pour l'utilisateur: admin
[02-Jun-2025 22:23:22 Africa/Abidjan] Utilisateur trouvé dans la base de données
[02-Jun-2025 22:23:22 Africa/Abidjan] Hash stocké: $2y$10$3GX3lYs0f/iSttZhUNYf1.3026KnlSv18x2TNkj2N2thSxjcHnwjG
[02-Jun-2025 22:23:22 Africa/Abidjan] Mot de passe vérifié avec succès
[02-Jun-2025 22:23:22 Africa/Abidjan] Session initialisée avec succès
[02-Jun-2025 22:23:22 Africa/Abidjan] Connexion réussie, tentative de redirection
[02-Jun-2025 22:28:20 Africa/Abidjan] Connexion à la base de données réussie
[02-Jun-2025 22:28:22 Africa/Abidjan] Connexion à la base de données réussie
[02-Jun-2025 22:28:22 Africa/Abidjan] Réception d'une requête POST
[02-Jun-2025 22:28:22 Africa/Abidjan] Données reçues - Username: admin
[02-Jun-2025 22:28:22 Africa/Abidjan] Tentative de vérification de connexion
[02-Jun-2025 22:28:22 Africa/Abidjan] Début de la vérification de connexion pour l'utilisateur: admin
[02-Jun-2025 22:28:22 Africa/Abidjan] Utilisateur trouvé dans la base de données
[02-Jun-2025 22:28:22 Africa/Abidjan] Hash stocké: $2y$10$3GX3lYs0f/iSttZhUNYf1.3026KnlSv18x2TNkj2N2thSxjcHnwjG
[02-Jun-2025 22:28:22 Africa/Abidjan] Mot de passe vérifié avec succès
[02-Jun-2025 22:28:22 Africa/Abidjan] Session initialisée avec succès
[02-Jun-2025 22:28:22 Africa/Abidjan] Connexion réussie, tentative de redirection
[02-Jun-2025 22:28:22 Africa/Abidjan] Connexion à la base de données réussie
[02-Jun-2025 22:28:24 Africa/Abidjan] Connexion à la base de données réussie
[02-Jun-2025 22:28:24 Africa/Abidjan] Réception d'une requête POST
[02-Jun-2025 22:28:24 Africa/Abidjan] Données reçues - Username: admin
[02-Jun-2025 22:28:24 Africa/Abidjan] Tentative de vérification de connexion
[02-Jun-2025 22:28:24 Africa/Abidjan] Début de la vérification de connexion pour l'utilisateur: admin
[02-Jun-2025 22:28:24 Africa/Abidjan] Utilisateur trouvé dans la base de données
[02-Jun-2025 22:28:24 Africa/Abidjan] Hash stocké: $2y$10$3GX3lYs0f/iSttZhUNYf1.3026KnlSv18x2TNkj2N2thSxjcHnwjG
[02-Jun-2025 22:28:24 Africa/Abidjan] Mot de passe vérifié avec succès
[02-Jun-2025 22:28:24 Africa/Abidjan] Session initialisée avec succès
[02-Jun-2025 22:28:24 Africa/Abidjan] Connexion réussie, tentative de redirection
[02-Jun-2025 22:28:24 Africa/Abidjan] Connexion à la base de données réussie
[02-Jun-2025 22:28:26 Africa/Abidjan] Connexion à la base de données réussie
[02-Jun-2025 22:28:26 Africa/Abidjan] Réception d'une requête POST
[02-Jun-2025 22:28:26 Africa/Abidjan] Données reçues - Username: admin
[02-Jun-2025 22:28:26 Africa/Abidjan] Tentative de vérification de connexion
[02-Jun-2025 22:28:26 Africa/Abidjan] Début de la vérification de connexion pour l'utilisateur: admin
[02-Jun-2025 22:28:26 Africa/Abidjan] Utilisateur trouvé dans la base de données
[02-Jun-2025 22:28:26 Africa/Abidjan] Hash stocké: $2y$10$3GX3lYs0f/iSttZhUNYf1.3026KnlSv18x2TNkj2N2thSxjcHnwjG
[02-Jun-2025 22:28:26 Africa/Abidjan] Mot de passe vérifié avec succès
[02-Jun-2025 22:28:26 Africa/Abidjan] Session initialisée avec succès
[02-Jun-2025 22:28:26 Africa/Abidjan] Connexion réussie, tentative de redirection
[02-Jun-2025 22:28:26 Africa/Abidjan] Connexion à la base de données réussie
[02-Jun-2025 22:28:27 Africa/Abidjan] Connexion à la base de données réussie
[02-Jun-2025 22:28:27 Africa/Abidjan] Réception d'une requête POST
[02-Jun-2025 22:28:27 Africa/Abidjan] Données reçues - Username: admin
[02-Jun-2025 22:28:27 Africa/Abidjan] Tentative de vérification de connexion
[02-Jun-2025 22:28:27 Africa/Abidjan] Début de la vérification de connexion pour l'utilisateur: admin
[02-Jun-2025 22:28:27 Africa/Abidjan] Utilisateur trouvé dans la base de données
[02-Jun-2025 22:28:27 Africa/Abidjan] Hash stocké: $2y$10$3GX3lYs0f/iSttZhUNYf1.3026KnlSv18x2TNkj2N2thSxjcHnwjG
[02-Jun-2025 22:28:27 Africa/Abidjan] Mot de passe vérifié avec succès
[02-Jun-2025 22:28:27 Africa/Abidjan] Session initialisée avec succès
[02-Jun-2025 22:28:27 Africa/Abidjan] Connexion réussie, tentative de redirection
[02-Jun-2025 22:28:27 Africa/Abidjan] Connexion à la base de données réussie
[02-Jun-2025 22:28:28 Africa/Abidjan] Connexion à la base de données réussie
[02-Jun-2025 22:28:28 Africa/Abidjan] Réception d'une requête POST
[02-Jun-2025 22:28:28 Africa/Abidjan] Données reçues - Username: admin
[02-Jun-2025 22:28:28 Africa/Abidjan] Tentative de vérification de connexion
[02-Jun-2025 22:28:28 Africa/Abidjan] Début de la vérification de connexion pour l'utilisateur: admin
[02-Jun-2025 22:28:28 Africa/Abidjan] Utilisateur trouvé dans la base de données
[02-Jun-2025 22:28:28 Africa/Abidjan] Hash stocké: $2y$10$3GX3lYs0f/iSttZhUNYf1.3026KnlSv18x2TNkj2N2thSxjcHnwjG
[02-Jun-2025 22:28:28 Africa/Abidjan] Mot de passe vérifié avec succès
[02-Jun-2025 22:28:28 Africa/Abidjan] Session initialisée avec succès
[02-Jun-2025 22:28:28 Africa/Abidjan] Connexion réussie, tentative de redirection
[02-Jun-2025 22:28:28 Africa/Abidjan] Connexion à la base de données réussie
[02-Jun-2025 22:28:30 Africa/Abidjan] Connexion à la base de données réussie
[02-Jun-2025 22:28:32 Africa/Abidjan] Connexion à la base de données réussie
[02-Jun-2025 22:28:32 Africa/Abidjan] Réception d'une requête POST
[02-Jun-2025 22:28:32 Africa/Abidjan] Données reçues - Username: admin
[02-Jun-2025 22:28:32 Africa/Abidjan] Tentative de vérification de connexion
[02-Jun-2025 22:28:32 Africa/Abidjan] Début de la vérification de connexion pour l'utilisateur: admin
[02-Jun-2025 22:28:32 Africa/Abidjan] Utilisateur trouvé dans la base de données
[02-Jun-2025 22:28:32 Africa/Abidjan] Hash stocké: $2y$10$3GX3lYs0f/iSttZhUNYf1.3026KnlSv18x2TNkj2N2thSxjcHnwjG
[02-Jun-2025 22:28:33 Africa/Abidjan] Mot de passe vérifié avec succès
[02-Jun-2025 22:28:33 Africa/Abidjan] Session initialisée avec succès
[02-Jun-2025 22:28:33 Africa/Abidjan] Connexion réussie, tentative de redirection
[02-Jun-2025 22:28:33 Africa/Abidjan] Connexion à la base de données réussie
[02-Jun-2025 22:28:42 Africa/Abidjan] Connexion à la base de données réussie
[02-Jun-2025 22:28:44 Africa/Abidjan] Connexion à la base de données réussie
[02-Jun-2025 22:28:44 Africa/Abidjan] Réception d'une requête POST
[02-Jun-2025 22:28:44 Africa/Abidjan] Données reçues - Username: admin
[02-Jun-2025 22:28:44 Africa/Abidjan] Tentative de vérification de connexion
[02-Jun-2025 22:28:44 Africa/Abidjan] Début de la vérification de connexion pour l'utilisateur: admin
[02-Jun-2025 22:28:44 Africa/Abidjan] Utilisateur trouvé dans la base de données
[02-Jun-2025 22:28:44 Africa/Abidjan] Hash stocké: $2y$10$3GX3lYs0f/iSttZhUNYf1.3026KnlSv18x2TNkj2N2thSxjcHnwjG
[02-Jun-2025 22:28:45 Africa/Abidjan] Mot de passe vérifié avec succès
[02-Jun-2025 22:28:45 Africa/Abidjan] Session initialisée avec succès
[02-Jun-2025 22:28:45 Africa/Abidjan] Connexion réussie, tentative de redirection
[02-Jun-2025 22:28:45 Africa/Abidjan] Connexion à la base de données réussie
[02-Jun-2025 22:28:46 Africa/Abidjan] Connexion à la base de données réussie
[02-Jun-2025 22:28:46 Africa/Abidjan] Réception d'une requête POST
[02-Jun-2025 22:28:46 Africa/Abidjan] Données reçues - Username: admin
[02-Jun-2025 22:28:46 Africa/Abidjan] Tentative de vérification de connexion
[02-Jun-2025 22:28:46 Africa/Abidjan] Début de la vérification de connexion pour l'utilisateur: admin
[02-Jun-2025 22:28:46 Africa/Abidjan] Utilisateur trouvé dans la base de données
[02-Jun-2025 22:28:46 Africa/Abidjan] Hash stocké: $2y$10$3GX3lYs0f/iSttZhUNYf1.3026KnlSv18x2TNkj2N2thSxjcHnwjG
[02-Jun-2025 22:28:46 Africa/Abidjan] Mot de passe vérifié avec succès
[02-Jun-2025 22:28:46 Africa/Abidjan] Session initialisée avec succès
[02-Jun-2025 22:28:46 Africa/Abidjan] Connexion réussie, tentative de redirection
[02-Jun-2025 22:28:46 Africa/Abidjan] Connexion à la base de données réussie
[02-Jun-2025 22:29:07 Africa/Abidjan] Connexion à la base de données réussie
[02-Jun-2025 22:29:10 Africa/Abidjan] Connexion à la base de données réussie
[02-Jun-2025 22:29:10 Africa/Abidjan] Réception d'une requête POST
[02-Jun-2025 22:29:10 Africa/Abidjan] Données reçues - Username: admin
[02-Jun-2025 22:29:10 Africa/Abidjan] Tentative de vérification de connexion
[02-Jun-2025 22:29:10 Africa/Abidjan] Début de la vérification de connexion pour l'utilisateur: admin
[02-Jun-2025 22:29:10 Africa/Abidjan] Utilisateur trouvé dans la base de données
[02-Jun-2025 22:29:10 Africa/Abidjan] Hash stocké: $2y$10$3GX3lYs0f/iSttZhUNYf1.3026KnlSv18x2TNkj2N2thSxjcHnwjG
[02-Jun-2025 22:29:10 Africa/Abidjan] Mot de passe vérifié avec succès
[02-Jun-2025 22:29:10 Africa/Abidjan] Session initialisée avec succès
[02-Jun-2025 22:29:10 Africa/Abidjan] Connexion réussie, tentative de redirection
[02-Jun-2025 22:29:10 Africa/Abidjan] Connexion à la base de données réussie
[02-Jun-2025 22:29:16 Africa/Abidjan] Connexion à la base de données réussie
[02-Jun-2025 22:29:16 Africa/Abidjan] Réception d'une requête POST
[02-Jun-2025 22:29:16 Africa/Abidjan] Données reçues - Username: admin
[02-Jun-2025 22:29:16 Africa/Abidjan] Tentative de vérification de connexion
[02-Jun-2025 22:29:16 Africa/Abidjan] Début de la vérification de connexion pour l'utilisateur: admin
[02-Jun-2025 22:29:16 Africa/Abidjan] Utilisateur trouvé dans la base de données
[02-Jun-2025 22:29:16 Africa/Abidjan] Hash stocké: $2y$10$3GX3lYs0f/iSttZhUNYf1.3026KnlSv18x2TNkj2N2thSxjcHnwjG
[02-Jun-2025 22:29:16 Africa/Abidjan] Mot de passe vérifié avec succès
[02-Jun-2025 22:29:16 Africa/Abidjan] Session initialisée avec succès
[02-Jun-2025 22:29:16 Africa/Abidjan] Connexion réussie, tentative de redirection
[02-Jun-2025 22:29:16 Africa/Abidjan] Connexion à la base de données réussie
[02-Jun-2025 22:29:34 Africa/Abidjan] Connexion à la base de données réussie
[02-Jun-2025 22:29:35 Africa/Abidjan] Connexion à la base de données réussie
[02-Jun-2025 22:29:35 Africa/Abidjan] Réception d'une requête POST
[02-Jun-2025 22:29:35 Africa/Abidjan] Données reçues - Username: admin
[02-Jun-2025 22:29:35 Africa/Abidjan] Tentative de vérification de connexion
[02-Jun-2025 22:29:35 Africa/Abidjan] Début de la vérification de connexion pour l'utilisateur: admin
[02-Jun-2025 22:29:35 Africa/Abidjan] Utilisateur trouvé dans la base de données
[02-Jun-2025 22:29:35 Africa/Abidjan] Hash stocké: $2y$10$3GX3lYs0f/iSttZhUNYf1.3026KnlSv18x2TNkj2N2thSxjcHnwjG
[02-Jun-2025 22:29:35 Africa/Abidjan] Mot de passe vérifié avec succès
[02-Jun-2025 22:29:35 Africa/Abidjan] Session initialisée avec succès
[02-Jun-2025 22:29:35 Africa/Abidjan] Connexion réussie, tentative de redirection
[02-Jun-2025 22:29:36 Africa/Abidjan] Connexion à la base de données réussie
[02-Jun-2025 22:30:04 Africa/Abidjan] Connexion à la base de données réussie
[02-Jun-2025 22:30:04 Africa/Abidjan] Réception d'une requête POST
[02-Jun-2025 22:30:04 Africa/Abidjan] Données reçues - Username: affiba.j
[02-Jun-2025 22:30:04 Africa/Abidjan] Tentative de vérification de connexion
[02-Jun-2025 22:30:04 Africa/Abidjan] Début de la vérification de connexion pour l'utilisateur: affiba.j
[02-Jun-2025 22:30:04 Africa/Abidjan] Utilisateur trouvé dans la base de données
[02-Jun-2025 22:30:04 Africa/Abidjan] Hash stocké: $2y$10$ugS07Isguia1koEojcHYIO49n8Ryc4pSBpu2N8npTT20j6oAV6.AS
[02-Jun-2025 22:30:04 Africa/Abidjan] Mot de passe vérifié avec succès
[02-Jun-2025 22:30:04 Africa/Abidjan] Session initialisée avec succès
[02-Jun-2025 22:30:04 Africa/Abidjan] Connexion réussie, tentative de redirection
[02-Jun-2025 22:30:04 Africa/Abidjan] Connexion à la base de données réussie
[02-Jun-2025 22:30:19 Africa/Abidjan] Connexion à la base de données réussie
[02-Jun-2025 22:30:28 Africa/Abidjan] Connexion à la base de données réussie
[02-Jun-2025 22:30:30 Africa/Abidjan] Connexion à la base de données réussie
[02-Jun-2025 22:30:30 Africa/Abidjan] Réception d'une requête POST
[02-Jun-2025 22:30:30 Africa/Abidjan] Données reçues - Username: admin
[02-Jun-2025 22:30:30 Africa/Abidjan] Tentative de vérification de connexion
[02-Jun-2025 22:30:30 Africa/Abidjan] Début de la vérification de connexion pour l'utilisateur: admin
[02-Jun-2025 22:30:30 Africa/Abidjan] Utilisateur trouvé dans la base de données
[02-Jun-2025 22:30:30 Africa/Abidjan] Hash stocké: $2y$10$3GX3lYs0f/iSttZhUNYf1.3026KnlSv18x2TNkj2N2thSxjcHnwjG
[02-Jun-2025 22:30:30 Africa/Abidjan] Mot de passe vérifié avec succès
[02-Jun-2025 22:30:30 Africa/Abidjan] Session initialisée avec succès
[02-Jun-2025 22:30:30 Africa/Abidjan] Connexion réussie, tentative de redirection
[02-Jun-2025 22:30:30 Africa/Abidjan] Connexion à la base de données réussie
[02-Jun-2025 22:30:49 Africa/Abidjan] Connexion à la base de données réussie
[02-Jun-2025 22:30:50 Africa/Abidjan] Connexion à la base de données réussie
[02-Jun-2025 22:30:50 Africa/Abidjan] Connexion à la base de données réussie
[02-Jun-2025 22:30:51 Africa/Abidjan] Connexion à la base de données réussie
[02-Jun-2025 22:30:51 Africa/Abidjan] Connexion à la base de données réussie
[02-Jun-2025 22:30:51 Africa/Abidjan] Connexion à la base de données réussie
[02-Jun-2025 22:30:53 Africa/Abidjan] Connexion à la base de données réussie
[02-Jun-2025 22:30:53 Africa/Abidjan] Réception d'une requête POST
[02-Jun-2025 22:30:53 Africa/Abidjan] Données reçues - Username: admin
[02-Jun-2025 22:30:53 Africa/Abidjan] Tentative de vérification de connexion
[02-Jun-2025 22:30:53 Africa/Abidjan] Début de la vérification de connexion pour l'utilisateur: admin
[02-Jun-2025 22:30:53 Africa/Abidjan] Utilisateur trouvé dans la base de données
[02-Jun-2025 22:30:53 Africa/Abidjan] Hash stocké: $2y$10$3GX3lYs0f/iSttZhUNYf1.3026KnlSv18x2TNkj2N2thSxjcHnwjG
[02-Jun-2025 22:30:53 Africa/Abidjan] Mot de passe vérifié avec succès
[02-Jun-2025 22:30:53 Africa/Abidjan] Session initialisée avec succès
[02-Jun-2025 22:30:53 Africa/Abidjan] Connexion réussie, tentative de redirection
[02-Jun-2025 22:30:53 Africa/Abidjan] Connexion à la base de données réussie
[02-Jun-2025 22:30:53 Africa/Abidjan] Connexion à la base de données réussie
[02-Jun-2025 22:30:53 Africa/Abidjan] Réception d'une requête POST
[02-Jun-2025 22:30:53 Africa/Abidjan] Données reçues - Username: admin
[02-Jun-2025 22:30:53 Africa/Abidjan] Tentative de vérification de connexion
[02-Jun-2025 22:30:53 Africa/Abidjan] Début de la vérification de connexion pour l'utilisateur: admin
[02-Jun-2025 22:30:53 Africa/Abidjan] Utilisateur trouvé dans la base de données
[02-Jun-2025 22:30:53 Africa/Abidjan] Hash stocké: $2y$10$3GX3lYs0f/iSttZhUNYf1.3026KnlSv18x2TNkj2N2thSxjcHnwjG
[02-Jun-2025 22:30:53 Africa/Abidjan] Mot de passe vérifié avec succès
[02-Jun-2025 22:30:53 Africa/Abidjan] Session initialisée avec succès
[02-Jun-2025 22:30:53 Africa/Abidjan] Connexion réussie, tentative de redirection
[02-Jun-2025 22:30:53 Africa/Abidjan] Connexion à la base de données réussie
[02-Jun-2025 22:30:54 Africa/Abidjan] Connexion à la base de données réussie
[02-Jun-2025 22:30:54 Africa/Abidjan] Réception d'une requête POST
[02-Jun-2025 22:30:54 Africa/Abidjan] Données reçues - Username: admin
[02-Jun-2025 22:30:54 Africa/Abidjan] Tentative de vérification de connexion
[02-Jun-2025 22:30:54 Africa/Abidjan] Début de la vérification de connexion pour l'utilisateur: admin
[02-Jun-2025 22:30:54 Africa/Abidjan] Utilisateur trouvé dans la base de données
[02-Jun-2025 22:30:54 Africa/Abidjan] Hash stocké: $2y$10$3GX3lYs0f/iSttZhUNYf1.3026KnlSv18x2TNkj2N2thSxjcHnwjG
[02-Jun-2025 22:30:54 Africa/Abidjan] Mot de passe vérifié avec succès
[02-Jun-2025 22:30:54 Africa/Abidjan] Session initialisée avec succès
[02-Jun-2025 22:30:54 Africa/Abidjan] Connexion réussie, tentative de redirection
[02-Jun-2025 22:30:54 Africa/Abidjan] Connexion à la base de données réussie
[02-Jun-2025 22:30:55 Africa/Abidjan] Connexion à la base de données réussie
[02-Jun-2025 22:30:55 Africa/Abidjan] Réception d'une requête POST
[02-Jun-2025 22:30:55 Africa/Abidjan] Données reçues - Username: admin
[02-Jun-2025 22:30:55 Africa/Abidjan] Tentative de vérification de connexion
[02-Jun-2025 22:30:55 Africa/Abidjan] Début de la vérification de connexion pour l'utilisateur: admin
[02-Jun-2025 22:30:55 Africa/Abidjan] Utilisateur trouvé dans la base de données
[02-Jun-2025 22:30:55 Africa/Abidjan] Hash stocké: $2y$10$3GX3lYs0f/iSttZhUNYf1.3026KnlSv18x2TNkj2N2thSxjcHnwjG
[02-Jun-2025 22:30:55 Africa/Abidjan] Mot de passe vérifié avec succès
[02-Jun-2025 22:30:55 Africa/Abidjan] Session initialisée avec succès
[02-Jun-2025 22:30:55 Africa/Abidjan] Connexion réussie, tentative de redirection
[02-Jun-2025 22:30:55 Africa/Abidjan] Connexion à la base de données réussie
[02-Jun-2025 22:35:44 Africa/Abidjan] Connexion à la base de données réussie
[02-Jun-2025 22:35:44 Africa/Abidjan] Réception d'une requête POST
[02-Jun-2025 22:35:44 Africa/Abidjan] Données reçues - Username: admin
[02-Jun-2025 22:35:44 Africa/Abidjan] Tentative de vérification de connexion
[02-Jun-2025 22:35:44 Africa/Abidjan] Début de la vérification de connexion pour l'utilisateur: admin
[02-Jun-2025 22:35:44 Africa/Abidjan] Utilisateur trouvé dans la base de données
[02-Jun-2025 22:35:44 Africa/Abidjan] Hash stocké: $2y$10$3GX3lYs0f/iSttZhUNYf1.3026KnlSv18x2TNkj2N2thSxjcHnwjG
[02-Jun-2025 22:35:44 Africa/Abidjan] Mot de passe vérifié avec succès
[02-Jun-2025 22:35:44 Africa/Abidjan] Session initialisée avec succès
[02-Jun-2025 22:35:44 Africa/Abidjan] Connexion réussie, tentative de redirection
[02-Jun-2025 22:35:44 Africa/Abidjan] Connexion à la base de données réussie
[02-Jun-2025 22:44:58 Africa/Abidjan] Connexion à la base de données réussie
[02-Jun-2025 22:45:27 Africa/Abidjan] Connexion à la base de données réussie
[02-Jun-2025 22:45:30 Africa/Abidjan] Connexion à la base de données réussie
[02-Jun-2025 22:45:30 Africa/Abidjan] Réception d'une requête POST
[02-Jun-2025 22:45:30 Africa/Abidjan] Données reçues - Username: admin
[02-Jun-2025 22:45:30 Africa/Abidjan] Tentative de vérification de connexion
[02-Jun-2025 22:45:30 Africa/Abidjan] Début de la vérification de connexion pour l'utilisateur: admin
[02-Jun-2025 22:45:30 Africa/Abidjan] Utilisateur trouvé dans la base de données
[02-Jun-2025 22:45:30 Africa/Abidjan] Hash stocké: $2y$10$3GX3lYs0f/iSttZhUNYf1.3026KnlSv18x2TNkj2N2thSxjcHnwjG
[02-Jun-2025 22:45:30 Africa/Abidjan] Mot de passe vérifié avec succès
[02-Jun-2025 22:45:30 Africa/Abidjan] Session initialisée avec succès
[02-Jun-2025 22:45:30 Africa/Abidjan] Connexion réussie, tentative de redirection
[02-Jun-2025 22:45:30 Africa/Abidjan] Connexion à la base de données réussie
[02-Jun-2025 22:45:32 Africa/Abidjan] Connexion à la base de données réussie
[02-Jun-2025 22:45:37 Africa/Abidjan] Connexion à la base de données réussie
[02-Jun-2025 22:45:39 Africa/Abidjan] Connexion à la base de données réussie
[02-Jun-2025 22:45:39 Africa/Abidjan] Réception d'une requête POST
[02-Jun-2025 22:45:39 Africa/Abidjan] Données reçues - Username: admin
[02-Jun-2025 22:45:39 Africa/Abidjan] Tentative de vérification de connexion
[02-Jun-2025 22:45:39 Africa/Abidjan] Début de la vérification de connexion pour l'utilisateur: admin
[02-Jun-2025 22:45:39 Africa/Abidjan] Utilisateur trouvé dans la base de données
[02-Jun-2025 22:45:39 Africa/Abidjan] Hash stocké: $2y$10$3GX3lYs0f/iSttZhUNYf1.3026KnlSv18x2TNkj2N2thSxjcHnwjG
[02-Jun-2025 22:45:39 Africa/Abidjan] Mot de passe vérifié avec succès
[02-Jun-2025 22:45:39 Africa/Abidjan] Session initialisée avec succès
[02-Jun-2025 22:45:39 Africa/Abidjan] Connexion réussie, tentative de redirection
[02-Jun-2025 22:45:39 Africa/Abidjan] Connexion à la base de données réussie
[02-Jun-2025 22:45:41 Africa/Abidjan] Connexion à la base de données réussie
[02-Jun-2025 22:45:44 Africa/Abidjan] Connexion à la base de données réussie
[02-Jun-2025 22:45:56 Africa/Abidjan] Connexion à la base de données réussie
[02-Jun-2025 22:47:24 Africa/Abidjan] Connexion à la base de données réussie
[02-Jun-2025 22:47:30 Africa/Abidjan] Connexion à la base de données réussie
[02-Jun-2025 22:47:30 Africa/Abidjan] Réception d'une requête POST
[02-Jun-2025 22:47:30 Africa/Abidjan] Données reçues - Username: admin
[02-Jun-2025 22:47:30 Africa/Abidjan] Tentative de vérification de connexion
[02-Jun-2025 22:47:30 Africa/Abidjan] Début de la vérification de connexion pour l'utilisateur: admin
[02-Jun-2025 22:47:30 Africa/Abidjan] Utilisateur trouvé dans la base de données
[02-Jun-2025 22:47:30 Africa/Abidjan] Hash stocké: $2y$10$3GX3lYs0f/iSttZhUNYf1.3026KnlSv18x2TNkj2N2thSxjcHnwjG
[02-Jun-2025 22:47:30 Africa/Abidjan] Mot de passe vérifié avec succès
[02-Jun-2025 22:47:30 Africa/Abidjan] Session initialisée avec succès
[02-Jun-2025 22:47:30 Africa/Abidjan] Connexion réussie, tentative de redirection
[02-Jun-2025 22:47:30 Africa/Abidjan] Connexion à la base de données réussie
[03-Jun-2025 00:03:25 Africa/Abidjan] Connexion à la base de données réussie
[03-Jun-2025 00:52:47 Africa/Abidjan] Connexion à la base de données réussie
[03-Jun-2025 00:52:50 Africa/Abidjan] Connexion à la base de données réussie
[03-Jun-2025 00:52:50 Africa/Abidjan] Réception d'une requête POST
[03-Jun-2025 00:52:50 Africa/Abidjan] Données reçues - Username: admin
[03-Jun-2025 00:52:50 Africa/Abidjan] Tentative de vérification de connexion
[03-Jun-2025 00:52:50 Africa/Abidjan] Début de la vérification de connexion pour l'utilisateur: admin
[03-Jun-2025 00:52:50 Africa/Abidjan] Utilisateur trouvé dans la base de données
[03-Jun-2025 00:52:50 Africa/Abidjan] Hash stocké: $2y$10$3GX3lYs0f/iSttZhUNYf1.3026KnlSv18x2TNkj2N2thSxjcHnwjG
[03-Jun-2025 00:52:50 Africa/Abidjan] Mot de passe vérifié avec succès
[03-Jun-2025 00:52:50 Africa/Abidjan] Session initialisée avec succès
[03-Jun-2025 00:52:50 Africa/Abidjan] Connexion réussie, tentative de redirection
[03-Jun-2025 00:52:50 Africa/Abidjan] Connexion à la base de données réussie
[03-Jun-2025 00:52:52 Africa/Abidjan] Connexion à la base de données réussie
[03-Jun-2025 00:52:52 Africa/Abidjan] Réception d'une requête POST
[03-Jun-2025 00:52:52 Africa/Abidjan] Données reçues - Username: admin
[03-Jun-2025 00:52:52 Africa/Abidjan] Tentative de vérification de connexion
[03-Jun-2025 00:52:52 Africa/Abidjan] Début de la vérification de connexion pour l'utilisateur: admin
[03-Jun-2025 00:52:52 Africa/Abidjan] Utilisateur trouvé dans la base de données
[03-Jun-2025 00:52:52 Africa/Abidjan] Hash stocké: $2y$10$3GX3lYs0f/iSttZhUNYf1.3026KnlSv18x2TNkj2N2thSxjcHnwjG
[03-Jun-2025 00:52:52 Africa/Abidjan] Mot de passe vérifié avec succès
[03-Jun-2025 00:52:52 Africa/Abidjan] Session initialisée avec succès
[03-Jun-2025 00:52:52 Africa/Abidjan] Connexion réussie, tentative de redirection
[03-Jun-2025 00:52:52 Africa/Abidjan] Connexion à la base de données réussie
[03-Jun-2025 10:09:38 Africa/Abidjan] Connexion à la base de données réussie
[03-Jun-2025 10:09:51 Africa/Abidjan] Connexion à la base de données réussie
[03-Jun-2025 10:09:51 Africa/Abidjan] Réception d'une requête POST
[03-Jun-2025 10:09:51 Africa/Abidjan] Données reçues - Username: admin
[03-Jun-2025 10:09:51 Africa/Abidjan] Tentative de vérification de connexion
[03-Jun-2025 10:09:51 Africa/Abidjan] Début de la vérification de connexion pour l'utilisateur: admin
[03-Jun-2025 10:09:51 Africa/Abidjan] Utilisateur trouvé dans la base de données
[03-Jun-2025 10:09:51 Africa/Abidjan] Hash stocké: $2y$10$3GX3lYs0f/iSttZhUNYf1.3026KnlSv18x2TNkj2N2thSxjcHnwjG
[03-Jun-2025 10:09:51 Africa/Abidjan] Mot de passe vérifié avec succès
[03-Jun-2025 10:09:51 Africa/Abidjan] Session initialisée avec succès
[03-Jun-2025 10:09:51 Africa/Abidjan] Connexion réussie, tentative de redirection
[03-Jun-2025 10:09:51 Africa/Abidjan] Connexion à la base de données réussie
[03-Jun-2025 10:10:49 Africa/Abidjan] Connexion à la base de données réussie
[03-Jun-2025 10:10:49 Africa/Abidjan] Réception d'une requête POST
[03-Jun-2025 10:10:49 Africa/Abidjan] Données reçues - Username: affiba.j
[03-Jun-2025 10:10:49 Africa/Abidjan] Tentative de vérification de connexion
[03-Jun-2025 10:10:49 Africa/Abidjan] Début de la vérification de connexion pour l'utilisateur: affiba.j
[03-Jun-2025 10:10:49 Africa/Abidjan] Utilisateur trouvé dans la base de données
[03-Jun-2025 10:10:49 Africa/Abidjan] Hash stocké: $2y$10$52xC/NMqEZV6i31bz31ChOo.0aE8FKWACQ0lr77XwVJyuFf/OIzTW
[03-Jun-2025 10:10:49 Africa/Abidjan] Mot de passe vérifié avec succès
[03-Jun-2025 10:10:49 Africa/Abidjan] Session initialisée avec succès
[03-Jun-2025 10:10:49 Africa/Abidjan] Connexion réussie, tentative de redirection
[03-Jun-2025 10:10:49 Africa/Abidjan] Connexion à la base de données réussie
[03-Jun-2025 10:21:20 Africa/Abidjan] Connexion à la base de données réussie
[03-Jun-2025 10:21:27 Africa/Abidjan] Connexion à la base de données réussie
[03-Jun-2025 10:21:27 Africa/Abidjan] Réception d'une requête POST
[03-Jun-2025 10:21:27 Africa/Abidjan] Données reçues - Username: admin
[03-Jun-2025 10:21:27 Africa/Abidjan] Tentative de vérification de connexion
[03-Jun-2025 10:21:27 Africa/Abidjan] Début de la vérification de connexion pour l'utilisateur: admin
[03-Jun-2025 10:21:27 Africa/Abidjan] Utilisateur trouvé dans la base de données
[03-Jun-2025 10:21:27 Africa/Abidjan] Hash stocké: $2y$10$3GX3lYs0f/iSttZhUNYf1.3026KnlSv18x2TNkj2N2thSxjcHnwjG
[03-Jun-2025 10:21:27 Africa/Abidjan] Échec de la vérification du mot de passe
[03-Jun-2025 10:21:27 Africa/Abidjan] Échec de la connexion
[03-Jun-2025 10:52:04 Africa/Abidjan] Connexion à la base de données réussie
[03-Jun-2025 10:52:04 Africa/Abidjan] Réception d'une requête POST
[03-Jun-2025 10:52:04 Africa/Abidjan] Données reçues - Username: admin
[03-Jun-2025 10:52:04 Africa/Abidjan] Tentative de vérification de connexion
[03-Jun-2025 10:52:04 Africa/Abidjan] Début de la vérification de connexion pour l'utilisateur: admin
[03-Jun-2025 10:52:04 Africa/Abidjan] Utilisateur trouvé dans la base de données
[03-Jun-2025 10:52:04 Africa/Abidjan] Hash stocké: $2y$10$3GX3lYs0f/iSttZhUNYf1.3026KnlSv18x2TNkj2N2thSxjcHnwjG
[03-Jun-2025 10:52:04 Africa/Abidjan] Échec de la vérification du mot de passe
[03-Jun-2025 10:52:04 Africa/Abidjan] Échec de la connexion
[03-Jun-2025 10:52:07 Africa/Abidjan] Connexion à la base de données réussie
[03-Jun-2025 10:52:07 Africa/Abidjan] Réception d'une requête POST
[03-Jun-2025 10:52:07 Africa/Abidjan] Données reçues - Username: admin
[03-Jun-2025 10:52:07 Africa/Abidjan] Tentative de vérification de connexion
[03-Jun-2025 10:52:07 Africa/Abidjan] Début de la vérification de connexion pour l'utilisateur: admin
[03-Jun-2025 10:52:07 Africa/Abidjan] Utilisateur trouvé dans la base de données
[03-Jun-2025 10:52:07 Africa/Abidjan] Hash stocké: $2y$10$3GX3lYs0f/iSttZhUNYf1.3026KnlSv18x2TNkj2N2thSxjcHnwjG
[03-Jun-2025 10:52:07 Africa/Abidjan] Échec de la vérification du mot de passe
[03-Jun-2025 10:52:07 Africa/Abidjan] Échec de la connexion
[03-Jun-2025 10:52:14 Africa/Abidjan] Connexion à la base de données réussie
[03-Jun-2025 10:52:14 Africa/Abidjan] Réception d'une requête POST
[03-Jun-2025 10:52:14 Africa/Abidjan] Données reçues - Username: admin
[03-Jun-2025 10:52:14 Africa/Abidjan] Tentative de vérification de connexion
[03-Jun-2025 10:52:14 Africa/Abidjan] Début de la vérification de connexion pour l'utilisateur: admin
[03-Jun-2025 10:52:14 Africa/Abidjan] Utilisateur trouvé dans la base de données
[03-Jun-2025 10:52:14 Africa/Abidjan] Hash stocké: $2y$10$3GX3lYs0f/iSttZhUNYf1.3026KnlSv18x2TNkj2N2thSxjcHnwjG
[03-Jun-2025 10:52:14 Africa/Abidjan] Échec de la vérification du mot de passe
[03-Jun-2025 10:52:14 Africa/Abidjan] Échec de la connexion
[03-Jun-2025 10:52:26 Africa/Abidjan] Connexion à la base de données réussie
[03-Jun-2025 10:52:26 Africa/Abidjan] Réception d'une requête POST
[03-Jun-2025 10:52:26 Africa/Abidjan] Données reçues - Username: admin
[03-Jun-2025 10:52:26 Africa/Abidjan] Tentative de vérification de connexion
[03-Jun-2025 10:52:26 Africa/Abidjan] Début de la vérification de connexion pour l'utilisateur: admin
[03-Jun-2025 10:52:26 Africa/Abidjan] Utilisateur trouvé dans la base de données
[03-Jun-2025 10:52:26 Africa/Abidjan] Hash stocké: $2y$10$3GX3lYs0f/iSttZhUNYf1.3026KnlSv18x2TNkj2N2thSxjcHnwjG
[03-Jun-2025 10:52:26 Africa/Abidjan] Mot de passe vérifié avec succès
[03-Jun-2025 10:52:26 Africa/Abidjan] Session initialisée avec succès
[03-Jun-2025 10:52:26 Africa/Abidjan] Connexion réussie, tentative de redirection
[03-Jun-2025 10:52:26 Africa/Abidjan] Connexion à la base de données réussie
[04-Jun-2025 20:03:50 Africa/Abidjan] Connexion à la base de données réussie
[04-Jun-2025 20:03:55 Africa/Abidjan] Connexion à la base de données réussie
[04-Jun-2025 20:03:55 Africa/Abidjan] Réception d'une requête POST
[04-Jun-2025 20:03:55 Africa/Abidjan] Données reçues - Username: admin
[04-Jun-2025 20:03:55 Africa/Abidjan] Tentative de vérification de connexion
[04-Jun-2025 20:03:55 Africa/Abidjan] Début de la vérification de connexion pour l'utilisateur: admin
[04-Jun-2025 20:03:55 Africa/Abidjan] Utilisateur trouvé dans la base de données
[04-Jun-2025 20:03:55 Africa/Abidjan] Hash stocké: $2y$10$3GX3lYs0f/iSttZhUNYf1.3026KnlSv18x2TNkj2N2thSxjcHnwjG
[04-Jun-2025 20:03:55 Africa/Abidjan] Échec de la vérification du mot de passe
[04-Jun-2025 20:03:55 Africa/Abidjan] Échec de la connexion
[04-Jun-2025 20:04:04 Africa/Abidjan] Connexion à la base de données réussie
[04-Jun-2025 20:04:04 Africa/Abidjan] Réception d'une requête POST
[04-Jun-2025 20:04:04 Africa/Abidjan] Données reçues - Username: admin
[04-Jun-2025 20:04:04 Africa/Abidjan] Tentative de vérification de connexion
[04-Jun-2025 20:04:04 Africa/Abidjan] Début de la vérification de connexion pour l'utilisateur: admin
[04-Jun-2025 20:04:04 Africa/Abidjan] Utilisateur trouvé dans la base de données
[04-Jun-2025 20:04:04 Africa/Abidjan] Hash stocké: $2y$10$3GX3lYs0f/iSttZhUNYf1.3026KnlSv18x2TNkj2N2thSxjcHnwjG
[04-Jun-2025 20:04:04 Africa/Abidjan] Mot de passe vérifié avec succès
[04-Jun-2025 20:04:04 Africa/Abidjan] Session initialisée avec succès
[04-Jun-2025 20:04:04 Africa/Abidjan] Connexion réussie, tentative de redirection
[04-Jun-2025 20:04:04 Africa/Abidjan] Connexion à la base de données réussie
[04-Jun-2025 20:04:45 Africa/Abidjan] Connexion à la base de données réussie
[04-Jun-2025 20:04:45 Africa/Abidjan] Réception d'une requête POST
[04-Jun-2025 20:04:45 Africa/Abidjan] Données reçues - Username: admin
[04-Jun-2025 20:04:45 Africa/Abidjan] Tentative de vérification de connexion
[04-Jun-2025 20:04:45 Africa/Abidjan] Début de la vérification de connexion pour l'utilisateur: admin
[04-Jun-2025 20:04:45 Africa/Abidjan] Utilisateur trouvé dans la base de données
[04-Jun-2025 20:04:45 Africa/Abidjan] Hash stocké: $2y$10$3GX3lYs0f/iSttZhUNYf1.3026KnlSv18x2TNkj2N2thSxjcHnwjG
[04-Jun-2025 20:04:45 Africa/Abidjan] Échec de la vérification du mot de passe
[04-Jun-2025 20:04:45 Africa/Abidjan] Échec de la connexion
[04-Jun-2025 20:04:55 Africa/Abidjan] Connexion à la base de données réussie
[04-Jun-2025 20:04:55 Africa/Abidjan] Réception d'une requête POST
[04-Jun-2025 20:04:55 Africa/Abidjan] Données reçues - Username: admin
[04-Jun-2025 20:04:55 Africa/Abidjan] Tentative de vérification de connexion
[04-Jun-2025 20:04:55 Africa/Abidjan] Début de la vérification de connexion pour l'utilisateur: admin
[04-Jun-2025 20:04:55 Africa/Abidjan] Utilisateur trouvé dans la base de données
[04-Jun-2025 20:04:55 Africa/Abidjan] Hash stocké: $2y$10$3GX3lYs0f/iSttZhUNYf1.3026KnlSv18x2TNkj2N2thSxjcHnwjG
[04-Jun-2025 20:04:55 Africa/Abidjan] Mot de passe vérifié avec succès
[04-Jun-2025 20:04:55 Africa/Abidjan] Session initialisée avec succès
[04-Jun-2025 20:04:55 Africa/Abidjan] Connexion réussie, tentative de redirection
[04-Jun-2025 20:04:55 Africa/Abidjan] Connexion à la base de données réussie
[04-Jun-2025 20:48:11 Africa/Abidjan] Connexion à la base de données réussie
[04-Jun-2025 20:48:13 Africa/Abidjan] Connexion à la base de données réussie
[04-Jun-2025 20:48:21 Africa/Abidjan] Connexion à la base de données réussie
[04-Jun-2025 20:48:21 Africa/Abidjan] Réception d'une requête POST
[04-Jun-2025 20:48:21 Africa/Abidjan] Données reçues - Username: admin
[04-Jun-2025 20:48:21 Africa/Abidjan] Tentative de vérification de connexion
[04-Jun-2025 20:48:21 Africa/Abidjan] Début de la vérification de connexion pour l'utilisateur: admin
[04-Jun-2025 20:48:21 Africa/Abidjan] Utilisateur trouvé dans la base de données
[04-Jun-2025 20:48:21 Africa/Abidjan] Hash stocké: $2y$10$aCEIU2JLTwEAD5U1ozhQculwFrTrjz7dILD6qLiNFH1saGqNOv7Ty
[04-Jun-2025 20:48:21 Africa/Abidjan] Mot de passe vérifié avec succès
[04-Jun-2025 20:48:21 Africa/Abidjan] Session initialisée avec succès
[04-Jun-2025 20:48:21 Africa/Abidjan] Connexion réussie, tentative de redirection
[04-Jun-2025 20:48:22 Africa/Abidjan] Connexion à la base de données réussie
[04-Jun-2025 20:48:31 Africa/Abidjan] Connexion à la base de données réussie
[04-Jun-2025 20:48:31 Africa/Abidjan] Réception d'une requête POST
[04-Jun-2025 20:48:31 Africa/Abidjan] Données reçues - Username: admin
[04-Jun-2025 20:48:31 Africa/Abidjan] Tentative de vérification de connexion
[04-Jun-2025 20:48:31 Africa/Abidjan] Début de la vérification de connexion pour l'utilisateur: admin
[04-Jun-2025 20:48:31 Africa/Abidjan] Utilisateur trouvé dans la base de données
[04-Jun-2025 20:48:31 Africa/Abidjan] Hash stocké: $2y$10$aCEIU2JLTwEAD5U1ozhQculwFrTrjz7dILD6qLiNFH1saGqNOv7Ty
[04-Jun-2025 20:48:32 Africa/Abidjan] Échec de la vérification du mot de passe
[04-Jun-2025 20:48:32 Africa/Abidjan] Échec de la connexion
[04-Jun-2025 20:48:40 Africa/Abidjan] Connexion à la base de données réussie
[04-Jun-2025 20:48:40 Africa/Abidjan] Réception d'une requête POST
[04-Jun-2025 20:48:40 Africa/Abidjan] Données reçues - Username: admin
[04-Jun-2025 20:48:40 Africa/Abidjan] Tentative de vérification de connexion
[04-Jun-2025 20:48:40 Africa/Abidjan] Début de la vérification de connexion pour l'utilisateur: admin
[04-Jun-2025 20:48:40 Africa/Abidjan] Utilisateur trouvé dans la base de données
[04-Jun-2025 20:48:40 Africa/Abidjan] Hash stocké: $2y$10$aCEIU2JLTwEAD5U1ozhQculwFrTrjz7dILD6qLiNFH1saGqNOv7Ty
[04-Jun-2025 20:48:40 Africa/Abidjan] Échec de la vérification du mot de passe
[04-Jun-2025 20:48:40 Africa/Abidjan] Échec de la connexion
[04-Jun-2025 20:48:47 Africa/Abidjan] Connexion à la base de données réussie
[04-Jun-2025 20:48:47 Africa/Abidjan] Réception d'une requête POST
[04-Jun-2025 20:48:47 Africa/Abidjan] Données reçues - Username: admin
[04-Jun-2025 20:48:47 Africa/Abidjan] Tentative de vérification de connexion
[04-Jun-2025 20:48:47 Africa/Abidjan] Début de la vérification de connexion pour l'utilisateur: admin
[04-Jun-2025 20:48:47 Africa/Abidjan] Utilisateur trouvé dans la base de données
[04-Jun-2025 20:48:47 Africa/Abidjan] Hash stocké: $2y$10$aCEIU2JLTwEAD5U1ozhQculwFrTrjz7dILD6qLiNFH1saGqNOv7Ty
[04-Jun-2025 20:48:48 Africa/Abidjan] Échec de la vérification du mot de passe
[04-Jun-2025 20:48:48 Africa/Abidjan] Échec de la connexion
[04-Jun-2025 20:48:53 Africa/Abidjan] Connexion à la base de données réussie
[04-Jun-2025 20:48:53 Africa/Abidjan] Réception d'une requête POST
[04-Jun-2025 20:48:53 Africa/Abidjan] Données reçues - Username: admin
[04-Jun-2025 20:48:53 Africa/Abidjan] Tentative de vérification de connexion
[04-Jun-2025 20:48:53 Africa/Abidjan] Début de la vérification de connexion pour l'utilisateur: admin
[04-Jun-2025 20:48:53 Africa/Abidjan] Utilisateur trouvé dans la base de données
[04-Jun-2025 20:48:53 Africa/Abidjan] Hash stocké: $2y$10$aCEIU2JLTwEAD5U1ozhQculwFrTrjz7dILD6qLiNFH1saGqNOv7Ty
[04-Jun-2025 20:48:53 Africa/Abidjan] Échec de la vérification du mot de passe
[04-Jun-2025 20:48:53 Africa/Abidjan] Échec de la connexion
[04-Jun-2025 20:48:57 Africa/Abidjan] Connexion à la base de données réussie
[04-Jun-2025 20:49:09 Africa/Abidjan] Connexion à la base de données réussie
[04-Jun-2025 20:49:09 Africa/Abidjan] Réception d'une requête POST
[04-Jun-2025 20:49:09 Africa/Abidjan] Données reçues - Username: admin
[04-Jun-2025 20:49:09 Africa/Abidjan] Tentative de vérification de connexion
[04-Jun-2025 20:49:09 Africa/Abidjan] Début de la vérification de connexion pour l'utilisateur: admin
[04-Jun-2025 20:49:09 Africa/Abidjan] Utilisateur trouvé dans la base de données
[04-Jun-2025 20:49:09 Africa/Abidjan] Hash stocké: $2y$10$aCEIU2JLTwEAD5U1ozhQculwFrTrjz7dILD6qLiNFH1saGqNOv7Ty
[04-Jun-2025 20:49:09 Africa/Abidjan] Mot de passe vérifié avec succès
[04-Jun-2025 20:49:09 Africa/Abidjan] Session initialisée avec succès
[04-Jun-2025 20:49:09 Africa/Abidjan] Connexion réussie, tentative de redirection
[04-Jun-2025 20:49:09 Africa/Abidjan] Connexion à la base de données réussie
[04-Jun-2025 20:53:09 Africa/Abidjan] Connexion à la base de données réussie
[04-Jun-2025 20:53:11 Africa/Abidjan] Connexion à la base de données réussie
[04-Jun-2025 20:53:20 Africa/Abidjan] Connexion à la base de données réussie
[04-Jun-2025 20:53:20 Africa/Abidjan] Réception d'une requête POST
[04-Jun-2025 20:53:20 Africa/Abidjan] Données reçues - Username: admin
[04-Jun-2025 20:53:20 Africa/Abidjan] Tentative de vérification de connexion
[04-Jun-2025 20:53:20 Africa/Abidjan] Début de la vérification de connexion pour l'utilisateur: admin
[04-Jun-2025 20:53:20 Africa/Abidjan] Utilisateur trouvé dans la base de données
[04-Jun-2025 20:53:20 Africa/Abidjan] Hash stocké: $2y$10$aCEIU2JLTwEAD5U1ozhQculwFrTrjz7dILD6qLiNFH1saGqNOv7Ty
[04-Jun-2025 20:53:21 Africa/Abidjan] Mot de passe vérifié avec succès
[04-Jun-2025 20:53:21 Africa/Abidjan] Session initialisée avec succès
[04-Jun-2025 20:53:21 Africa/Abidjan] Connexion réussie, tentative de redirection
[04-Jun-2025 20:53:21 Africa/Abidjan] Connexion à la base de données réussie
[04-Jun-2025 20:53:30 Africa/Abidjan] Connexion à la base de données réussie
[04-Jun-2025 20:53:30 Africa/Abidjan] Réception d'une requête POST
[04-Jun-2025 20:53:30 Africa/Abidjan] Données reçues - Username: admin
[04-Jun-2025 20:53:30 Africa/Abidjan] Tentative de vérification de connexion
[04-Jun-2025 20:53:30 Africa/Abidjan] Début de la vérification de connexion pour l'utilisateur: admin
[04-Jun-2025 20:53:30 Africa/Abidjan] Utilisateur trouvé dans la base de données
[04-Jun-2025 20:53:30 Africa/Abidjan] Hash stocké: $2y$10$aCEIU2JLTwEAD5U1ozhQculwFrTrjz7dILD6qLiNFH1saGqNOv7Ty
[04-Jun-2025 20:53:30 Africa/Abidjan] Mot de passe vérifié avec succès
[04-Jun-2025 20:53:30 Africa/Abidjan] Session initialisée avec succès
[04-Jun-2025 20:53:30 Africa/Abidjan] Connexion réussie, tentative de redirection
[04-Jun-2025 20:53:30 Africa/Abidjan] Connexion à la base de données réussie
[04-Jun-2025 20:53:38 Africa/Abidjan] Connexion à la base de données réussie
[04-Jun-2025 20:53:38 Africa/Abidjan] Réception d'une requête POST
[04-Jun-2025 20:53:38 Africa/Abidjan] Données reçues - Username: admin
[04-Jun-2025 20:53:38 Africa/Abidjan] Tentative de vérification de connexion
[04-Jun-2025 20:53:38 Africa/Abidjan] Début de la vérification de connexion pour l'utilisateur: admin
[04-Jun-2025 20:53:38 Africa/Abidjan] Utilisateur trouvé dans la base de données
[04-Jun-2025 20:53:38 Africa/Abidjan] Hash stocké: $2y$10$aCEIU2JLTwEAD5U1ozhQculwFrTrjz7dILD6qLiNFH1saGqNOv7Ty
[04-Jun-2025 20:53:38 Africa/Abidjan] Échec de la vérification du mot de passe
[04-Jun-2025 20:53:38 Africa/Abidjan] Échec de la connexion
[04-Jun-2025 20:54:22 Africa/Abidjan] Connexion à la base de données réussie
[04-Jun-2025 20:54:22 Africa/Abidjan] Réception d'une requête POST
[04-Jun-2025 20:54:22 Africa/Abidjan] Données reçues - Username: admin
[04-Jun-2025 20:54:22 Africa/Abidjan] Tentative de vérification de connexion
[04-Jun-2025 20:54:22 Africa/Abidjan] Début de la vérification de connexion pour l'utilisateur: admin
[04-Jun-2025 20:54:22 Africa/Abidjan] Utilisateur trouvé dans la base de données
[04-Jun-2025 20:54:22 Africa/Abidjan] Hash stocké: $2y$10$aCEIU2JLTwEAD5U1ozhQculwFrTrjz7dILD6qLiNFH1saGqNOv7Ty
[04-Jun-2025 20:54:22 Africa/Abidjan] Échec de la vérification du mot de passe
[04-Jun-2025 20:54:22 Africa/Abidjan] Échec de la connexion
[04-Jun-2025 20:54:31 Africa/Abidjan] Connexion à la base de données réussie
[04-Jun-2025 20:54:31 Africa/Abidjan] Réception d'une requête POST
[04-Jun-2025 20:54:31 Africa/Abidjan] Données reçues - Username: admin
[04-Jun-2025 20:54:31 Africa/Abidjan] Tentative de vérification de connexion
[04-Jun-2025 20:54:31 Africa/Abidjan] Début de la vérification de connexion pour l'utilisateur: admin
[04-Jun-2025 20:54:31 Africa/Abidjan] Utilisateur trouvé dans la base de données
[04-Jun-2025 20:54:31 Africa/Abidjan] Hash stocké: $2y$10$aCEIU2JLTwEAD5U1ozhQculwFrTrjz7dILD6qLiNFH1saGqNOv7Ty
[04-Jun-2025 20:54:31 Africa/Abidjan] Mot de passe vérifié avec succès
[04-Jun-2025 20:54:31 Africa/Abidjan] Session initialisée avec succès
[04-Jun-2025 20:54:31 Africa/Abidjan] Connexion réussie, tentative de redirection
[04-Jun-2025 20:54:31 Africa/Abidjan] Connexion à la base de données réussie
[04-Jun-2025 20:54:44 Africa/Abidjan] Connexion à la base de données réussie
[04-Jun-2025 20:54:44 Africa/Abidjan] Réception d'une requête POST
[04-Jun-2025 20:54:44 Africa/Abidjan] Données reçues - Username: admin
[04-Jun-2025 20:54:44 Africa/Abidjan] Tentative de vérification de connexion
[04-Jun-2025 20:54:44 Africa/Abidjan] Début de la vérification de connexion pour l'utilisateur: admin
[04-Jun-2025 20:54:44 Africa/Abidjan] Utilisateur trouvé dans la base de données
[04-Jun-2025 20:54:44 Africa/Abidjan] Hash stocké: $2y$10$aCEIU2JLTwEAD5U1ozhQculwFrTrjz7dILD6qLiNFH1saGqNOv7Ty
[04-Jun-2025 20:54:45 Africa/Abidjan] Mot de passe vérifié avec succès
[04-Jun-2025 20:54:45 Africa/Abidjan] Session initialisée avec succès
[04-Jun-2025 20:54:45 Africa/Abidjan] Connexion réussie, tentative de redirection
[04-Jun-2025 20:54:45 Africa/Abidjan] Connexion à la base de données réussie
[04-Jun-2025 20:56:04 Africa/Abidjan] Connexion à la base de données réussie
[04-Jun-2025 20:56:05 Africa/Abidjan] Connexion à la base de données réussie
[04-Jun-2025 20:56:05 Africa/Abidjan] Connexion à la base de données réussie
[04-Jun-2025 20:56:14 Africa/Abidjan] Connexion à la base de données réussie
[04-Jun-2025 20:56:14 Africa/Abidjan] Réception d'une requête POST
[04-Jun-2025 20:56:14 Africa/Abidjan] Données reçues - Username: admin
[04-Jun-2025 20:56:14 Africa/Abidjan] Tentative de vérification de connexion
[04-Jun-2025 20:56:14 Africa/Abidjan] Début de la vérification de connexion pour l'utilisateur: admin
[04-Jun-2025 20:56:14 Africa/Abidjan] Utilisateur trouvé dans la base de données
[04-Jun-2025 20:56:14 Africa/Abidjan] Hash stocké: $2y$10$aCEIU2JLTwEAD5U1ozhQculwFrTrjz7dILD6qLiNFH1saGqNOv7Ty
[04-Jun-2025 20:56:14 Africa/Abidjan] Mot de passe vérifié avec succès
[04-Jun-2025 20:56:14 Africa/Abidjan] Session initialisée avec succès
[04-Jun-2025 20:56:14 Africa/Abidjan] Connexion réussie, tentative de redirection
[04-Jun-2025 20:59:39 Africa/Abidjan] Connexion à la base de données réussie
[04-Jun-2025 20:59:45 Africa/Abidjan] Connexion à la base de données réussie
[04-Jun-2025 21:27:40 Africa/Abidjan] Connexion à la base de données réussie
[04-Jun-2025 21:27:53 Africa/Abidjan] Connexion à la base de données réussie
[04-Jun-2025 21:27:53 Africa/Abidjan] Réception d'une requête POST
[04-Jun-2025 21:27:53 Africa/Abidjan] Données reçues - Username: admin
[04-Jun-2025 21:27:53 Africa/Abidjan] Tentative de vérification de connexion
[04-Jun-2025 21:27:53 Africa/Abidjan] Début de la vérification de connexion pour l'utilisateur: admin
[04-Jun-2025 21:27:53 Africa/Abidjan] Utilisateur trouvé dans la base de données
[04-Jun-2025 21:27:53 Africa/Abidjan] Hash stocké: $2y$10$aCEIU2JLTwEAD5U1ozhQculwFrTrjz7dILD6qLiNFH1saGqNOv7Ty
[04-Jun-2025 21:27:53 Africa/Abidjan] Mot de passe vérifié avec succès
[04-Jun-2025 21:27:53 Africa/Abidjan] Session initialisée avec succès
[04-Jun-2025 21:27:53 Africa/Abidjan] Connexion réussie, tentative de redirection
[05-Jun-2025 08:36:15 Africa/Abidjan] Connexion à la base de données réussie
[05-Jun-2025 08:36:17 Africa/Abidjan] Connexion à la base de données réussie
[05-Jun-2025 08:36:17 Africa/Abidjan] Réception d'une requête POST
[05-Jun-2025 08:36:17 Africa/Abidjan] Données reçues - Username: admin
[05-Jun-2025 08:36:17 Africa/Abidjan] Tentative de vérification de connexion
[05-Jun-2025 08:36:17 Africa/Abidjan] Début de la vérification de connexion pour l'utilisateur: admin
[05-Jun-2025 08:36:17 Africa/Abidjan] Utilisateur trouvé dans la base de données
[05-Jun-2025 08:36:17 Africa/Abidjan] Hash stocké: $2y$10$aCEIU2JLTwEAD5U1ozhQculwFrTrjz7dILD6qLiNFH1saGqNOv7Ty
[05-Jun-2025 08:36:17 Africa/Abidjan] Mot de passe vérifié avec succès
[05-Jun-2025 08:36:17 Africa/Abidjan] Session initialisée avec succès
[05-Jun-2025 08:36:17 Africa/Abidjan] Connexion réussie, tentative de redirection
[17-Jun-2025 09:33:34 Africa/Abidjan] Connexion à la base de données réussie
[17-Jun-2025 09:33:36 Africa/Abidjan] Connexion à la base de données réussie
[17-Jun-2025 09:33:36 Africa/Abidjan] Réception d'une requête POST
[17-Jun-2025 09:33:36 Africa/Abidjan] Données reçues - Username: admin
[17-Jun-2025 09:33:36 Africa/Abidjan] Tentative de vérification de connexion
[17-Jun-2025 09:33:36 Africa/Abidjan] Début de la vérification de connexion pour l'utilisateur: admin
[17-Jun-2025 09:33:36 Africa/Abidjan] Utilisateur trouvé dans la base de données
[17-Jun-2025 09:33:36 Africa/Abidjan] Hash stocké: $2y$10$aCEIU2JLTwEAD5U1ozhQculwFrTrjz7dILD6qLiNFH1saGqNOv7Ty
[17-Jun-2025 09:33:36 Africa/Abidjan] Mot de passe vérifié avec succès
[17-Jun-2025 09:33:36 Africa/Abidjan] Session initialisée avec succès
[17-Jun-2025 09:33:36 Africa/Abidjan] Connexion réussie, tentative de redirection
[17-Jun-2025 10:33:23 Africa/Abidjan] Connexion à la base de données réussie
[17-Jun-2025 10:33:26 Africa/Abidjan] Connexion à la base de données réussie
[17-Jun-2025 10:33:26 Africa/Abidjan] Réception d'une requête POST
[17-Jun-2025 10:33:26 Africa/Abidjan] Données reçues - Username: admin
[17-Jun-2025 10:33:26 Africa/Abidjan] Tentative de vérification de connexion
[17-Jun-2025 10:33:26 Africa/Abidjan] Début de la vérification de connexion pour l'utilisateur: admin
[17-Jun-2025 10:33:26 Africa/Abidjan] Utilisateur trouvé dans la base de données
[17-Jun-2025 10:33:26 Africa/Abidjan] Hash stocké: $2y$10$aCEIU2JLTwEAD5U1ozhQculwFrTrjz7dILD6qLiNFH1saGqNOv7Ty
[17-Jun-2025 10:33:26 Africa/Abidjan] Mot de passe vérifié avec succès
[17-Jun-2025 10:33:26 Africa/Abidjan] Session initialisée avec succès
[17-Jun-2025 10:33:26 Africa/Abidjan] Connexion réussie, tentative de redirection
[17-Jun-2025 10:33:31 Africa/Abidjan] Connexion à la base de données réussie
[17-Jun-2025 10:33:33 Africa/Abidjan] Connexion à la base de données réussie
[17-Jun-2025 10:33:33 Africa/Abidjan] Réception d'une requête POST
[17-Jun-2025 10:33:33 Africa/Abidjan] Données reçues - Username: admin
[17-Jun-2025 10:33:33 Africa/Abidjan] Tentative de vérification de connexion
[17-Jun-2025 10:33:33 Africa/Abidjan] Début de la vérification de connexion pour l'utilisateur: admin
[17-Jun-2025 10:33:33 Africa/Abidjan] Utilisateur trouvé dans la base de données
[17-Jun-2025 10:33:33 Africa/Abidjan] Hash stocké: $2y$10$aCEIU2JLTwEAD5U1ozhQculwFrTrjz7dILD6qLiNFH1saGqNOv7Ty
[17-Jun-2025 10:33:33 Africa/Abidjan] Mot de passe vérifié avec succès
[17-Jun-2025 10:33:33 Africa/Abidjan] Session initialisée avec succès
[17-Jun-2025 10:33:33 Africa/Abidjan] Connexion réussie, tentative de redirection
[17-Jun-2025 11:54:22 Africa/Abidjan] Connexion à la base de données réussie
[17-Jun-2025 11:54:24 Africa/Abidjan] Connexion à la base de données réussie
[17-Jun-2025 11:54:24 Africa/Abidjan] Réception d'une requête POST
[17-Jun-2025 11:54:24 Africa/Abidjan] Données reçues - Username: admin
[17-Jun-2025 11:54:24 Africa/Abidjan] Tentative de vérification de connexion
[17-Jun-2025 11:54:24 Africa/Abidjan] Début de la vérification de connexion pour l'utilisateur: admin
[17-Jun-2025 11:54:24 Africa/Abidjan] Utilisateur trouvé dans la base de données
[17-Jun-2025 11:54:24 Africa/Abidjan] Hash stocké: $2y$10$aCEIU2JLTwEAD5U1ozhQculwFrTrjz7dILD6qLiNFH1saGqNOv7Ty
[17-Jun-2025 11:54:24 Africa/Abidjan] Mot de passe vérifié avec succès
[17-Jun-2025 11:54:24 Africa/Abidjan] Session initialisée avec succès
[17-Jun-2025 11:54:24 Africa/Abidjan] Connexion réussie, tentative de redirection
[17-Jun-2025 12:48:44 Africa/Abidjan] Connexion à la base de données réussie
[17-Jun-2025 12:48:46 Africa/Abidjan] Connexion à la base de données réussie
[17-Jun-2025 12:48:49 Africa/Abidjan] Connexion à la base de données réussie
[17-Jun-2025 12:48:49 Africa/Abidjan] Réception d'une requête POST
[17-Jun-2025 12:48:49 Africa/Abidjan] Données reçues - Username: admin
[17-Jun-2025 12:48:49 Africa/Abidjan] Tentative de vérification de connexion
[17-Jun-2025 12:48:49 Africa/Abidjan] Début de la vérification de connexion pour l'utilisateur: admin
[17-Jun-2025 12:48:49 Africa/Abidjan] Utilisateur trouvé dans la base de données
[17-Jun-2025 12:48:49 Africa/Abidjan] Hash stocké: $2y$10$aCEIU2JLTwEAD5U1ozhQculwFrTrjz7dILD6qLiNFH1saGqNOv7Ty
[17-Jun-2025 12:48:49 Africa/Abidjan] Mot de passe vérifié avec succès
[17-Jun-2025 12:48:49 Africa/Abidjan] Session initialisée avec succès
[17-Jun-2025 12:48:49 Africa/Abidjan] Connexion réussie, tentative de redirection
[19-Jun-2025 09:04:05 Africa/Abidjan] Connexion à la base de données réussie
[19-Jun-2025 09:04:19 Africa/Abidjan] Connexion à la base de données réussie
[19-Jun-2025 09:04:19 Africa/Abidjan] Réception d'une requête POST
[19-Jun-2025 09:04:19 Africa/Abidjan] Données reçues - Username: admin
[19-Jun-2025 09:04:19 Africa/Abidjan] Tentative de vérification de connexion
[19-Jun-2025 09:04:19 Africa/Abidjan] Début de la vérification de connexion pour l'utilisateur: admin
[19-Jun-2025 09:04:19 Africa/Abidjan] Utilisateur trouvé dans la base de données
[19-Jun-2025 09:04:19 Africa/Abidjan] Hash stocké: $2y$10$aCEIU2JLTwEAD5U1ozhQculwFrTrjz7dILD6qLiNFH1saGqNOv7Ty
[19-Jun-2025 09:04:19 Africa/Abidjan] Mot de passe vérifié avec succès
[19-Jun-2025 09:04:19 Africa/Abidjan] Session initialisée avec succès
[19-Jun-2025 09:04:19 Africa/Abidjan] Connexion réussie, tentative de redirection
[20-Jun-2025 08:17:17 Africa/Abidjan] Connexion à la base de données réussie
[20-Jun-2025 08:17:19 Africa/Abidjan] Connexion à la base de données réussie
[20-Jun-2025 08:17:19 Africa/Abidjan] Réception d'une requête POST
[20-Jun-2025 08:17:19 Africa/Abidjan] Données reçues - Username: admin
[20-Jun-2025 08:17:19 Africa/Abidjan] Tentative de vérification de connexion
[20-Jun-2025 08:17:19 Africa/Abidjan] Début de la vérification de connexion pour l'utilisateur: admin
[20-Jun-2025 08:17:19 Africa/Abidjan] Utilisateur trouvé dans la base de données
[20-Jun-2025 08:17:19 Africa/Abidjan] Hash stocké: $2y$10$aCEIU2JLTwEAD5U1ozhQculwFrTrjz7dILD6qLiNFH1saGqNOv7Ty
[20-Jun-2025 08:17:19 Africa/Abidjan] Mot de passe vérifié avec succès
[20-Jun-2025 08:17:19 Africa/Abidjan] Session initialisée avec succès
[20-Jun-2025 08:17:19 Africa/Abidjan] Connexion réussie, tentative de redirection
[26-Jun-2025 12:39:30 Africa/Abidjan] Connexion à la base de données réussie
[26-Jun-2025 12:39:39 Africa/Abidjan] Connexion à la base de données réussie
[26-Jun-2025 12:39:39 Africa/Abidjan] Réception d'une requête POST
[26-Jun-2025 12:39:39 Africa/Abidjan] Données reçues - Username: admin
[26-Jun-2025 12:39:39 Africa/Abidjan] Tentative de vérification de connexion
[26-Jun-2025 12:39:39 Africa/Abidjan] Début de la vérification de connexion pour l'utilisateur: admin
[26-Jun-2025 12:39:39 Africa/Abidjan] Utilisateur trouvé dans la base de données
[26-Jun-2025 12:39:39 Africa/Abidjan] Hash stocké: $2y$10$aCEIU2JLTwEAD5U1ozhQculwFrTrjz7dILD6qLiNFH1saGqNOv7Ty
[26-Jun-2025 12:39:39 Africa/Abidjan] Échec de la vérification du mot de passe
[26-Jun-2025 12:39:39 Africa/Abidjan] Échec de la connexion
[26-Jun-2025 12:39:47 Africa/Abidjan] Connexion à la base de données réussie
[26-Jun-2025 12:39:47 Africa/Abidjan] Réception d'une requête POST
[26-Jun-2025 12:39:47 Africa/Abidjan] Données reçues - Username: admin
[26-Jun-2025 12:39:47 Africa/Abidjan] Tentative de vérification de connexion
[26-Jun-2025 12:39:47 Africa/Abidjan] Début de la vérification de connexion pour l'utilisateur: admin
[26-Jun-2025 12:39:47 Africa/Abidjan] Utilisateur trouvé dans la base de données
[26-Jun-2025 12:39:47 Africa/Abidjan] Hash stocké: $2y$10$aCEIU2JLTwEAD5U1ozhQculwFrTrjz7dILD6qLiNFH1saGqNOv7Ty
[26-Jun-2025 12:39:47 Africa/Abidjan] Échec de la vérification du mot de passe
[26-Jun-2025 12:39:47 Africa/Abidjan] Échec de la connexion
[26-Jun-2025 12:39:56 Africa/Abidjan] Connexion à la base de données réussie
[26-Jun-2025 12:39:56 Africa/Abidjan] Réception d'une requête POST
[26-Jun-2025 12:39:56 Africa/Abidjan] Données reçues - Username: admin
[26-Jun-2025 12:39:56 Africa/Abidjan] Tentative de vérification de connexion
[26-Jun-2025 12:39:56 Africa/Abidjan] Début de la vérification de connexion pour l'utilisateur: admin
[26-Jun-2025 12:39:56 Africa/Abidjan] Utilisateur trouvé dans la base de données
[26-Jun-2025 12:39:56 Africa/Abidjan] Hash stocké: $2y$10$aCEIU2JLTwEAD5U1ozhQculwFrTrjz7dILD6qLiNFH1saGqNOv7Ty
[26-Jun-2025 12:39:56 Africa/Abidjan] Échec de la vérification du mot de passe
[26-Jun-2025 12:39:56 Africa/Abidjan] Échec de la connexion
[26-Jun-2025 12:40:01 Africa/Abidjan] Connexion à la base de données réussie
[26-Jun-2025 12:40:01 Africa/Abidjan] Réception d'une requête POST
[26-Jun-2025 12:40:01 Africa/Abidjan] Données reçues - Username: admin
[26-Jun-2025 12:40:01 Africa/Abidjan] Tentative de vérification de connexion
[26-Jun-2025 12:40:01 Africa/Abidjan] Début de la vérification de connexion pour l'utilisateur: admin
[26-Jun-2025 12:40:01 Africa/Abidjan] Utilisateur trouvé dans la base de données
[26-Jun-2025 12:40:01 Africa/Abidjan] Hash stocké: $2y$10$aCEIU2JLTwEAD5U1ozhQculwFrTrjz7dILD6qLiNFH1saGqNOv7Ty
[26-Jun-2025 12:40:01 Africa/Abidjan] Échec de la vérification du mot de passe
[26-Jun-2025 12:40:01 Africa/Abidjan] Échec de la connexion
[26-Jun-2025 12:41:34 Africa/Abidjan] Connexion à la base de données réussie
[26-Jun-2025 12:48:57 Africa/Abidjan] Connexion à la base de données réussie
[26-Jun-2025 12:48:57 Africa/Abidjan] Réception d'une requête POST
[26-Jun-2025 12:48:57 Africa/Abidjan] Données reçues - Username: admin
[26-Jun-2025 12:48:57 Africa/Abidjan] Tentative de vérification de connexion
[26-Jun-2025 12:48:57 Africa/Abidjan] Début de la vérification de connexion pour l'utilisateur: admin
[26-Jun-2025 12:48:57 Africa/Abidjan] Utilisateur trouvé dans la base de données
[26-Jun-2025 12:48:57 Africa/Abidjan] Hash stocké: $2y$10$aCEIU2JLTwEAD5U1ozhQculwFrTrjz7dILD6qLiNFH1saGqNOv7Ty
[26-Jun-2025 12:48:57 Africa/Abidjan] Échec de la vérification du mot de passe
[26-Jun-2025 12:48:57 Africa/Abidjan] Échec de la connexion
[26-Jun-2025 12:51:06 Africa/Abidjan] Connexion à la base de données réussie
[26-Jun-2025 12:51:32 Africa/Abidjan] Connexion à la base de données réussie
[26-Jun-2025 12:51:32 Africa/Abidjan] Réception d'une requête POST
[26-Jun-2025 12:51:32 Africa/Abidjan] Données reçues - Username: admin
[26-Jun-2025 12:51:32 Africa/Abidjan] Tentative de vérification de connexion
[26-Jun-2025 12:51:32 Africa/Abidjan] Début de la vérification de connexion pour l'utilisateur: admin
[26-Jun-2025 12:51:32 Africa/Abidjan] Utilisateur trouvé dans la base de données
[26-Jun-2025 12:51:32 Africa/Abidjan] Hash stocké: $2y$10$aCEIU2JLTwEAD5U1ozhQculwFrTrjz7dILD6qLiNFH1saGqNOv7Ty
[26-Jun-2025 12:51:32 Africa/Abidjan] Échec de la vérification du mot de passe
[26-Jun-2025 12:51:32 Africa/Abidjan] Échec de la connexion
[26-Jun-2025 12:51:40 Africa/Abidjan] Connexion à la base de données réussie
[26-Jun-2025 12:51:40 Africa/Abidjan] Réception d'une requête POST
[26-Jun-2025 12:51:40 Africa/Abidjan] Données reçues - Username: admin
[26-Jun-2025 12:51:40 Africa/Abidjan] Tentative de vérification de connexion
[26-Jun-2025 12:51:40 Africa/Abidjan] Début de la vérification de connexion pour l'utilisateur: admin
[26-Jun-2025 12:51:40 Africa/Abidjan] Utilisateur trouvé dans la base de données
[26-Jun-2025 12:51:40 Africa/Abidjan] Hash stocké: $2y$10$aCEIU2JLTwEAD5U1ozhQculwFrTrjz7dILD6qLiNFH1saGqNOv7Ty
[26-Jun-2025 12:51:40 Africa/Abidjan] Échec de la vérification du mot de passe
[26-Jun-2025 12:51:40 Africa/Abidjan] Échec de la connexion
[26-Jun-2025 12:53:09 Africa/Abidjan] Connexion à la base de données réussie
[26-Jun-2025 12:53:09 Africa/Abidjan] Réception d'une requête POST
[26-Jun-2025 12:53:09 Africa/Abidjan] Données reçues - Username: admin
[26-Jun-2025 12:53:09 Africa/Abidjan] Tentative de vérification de connexion
[26-Jun-2025 12:53:09 Africa/Abidjan] Début de la vérification de connexion pour l'utilisateur: admin
[26-Jun-2025 12:53:09 Africa/Abidjan] Utilisateur trouvé dans la base de données
[26-Jun-2025 12:53:09 Africa/Abidjan] Hash stocké: $2y$10$aCEIU2JLTwEAD5U1ozhQculwFrTrjz7dILD6qLiNFH1saGqNOv7Ty
[26-Jun-2025 12:53:09 Africa/Abidjan] Échec de la vérification du mot de passe
[26-Jun-2025 12:53:09 Africa/Abidjan] Échec de la connexion
[26-Jun-2025 12:53:14 Africa/Abidjan] Connexion à la base de données réussie
[26-Jun-2025 12:53:14 Africa/Abidjan] Réception d'une requête POST
[26-Jun-2025 12:53:14 Africa/Abidjan] Données reçues - Username: admin
[26-Jun-2025 12:53:14 Africa/Abidjan] Tentative de vérification de connexion
[26-Jun-2025 12:53:14 Africa/Abidjan] Début de la vérification de connexion pour l'utilisateur: admin
[26-Jun-2025 12:53:14 Africa/Abidjan] Utilisateur trouvé dans la base de données
[26-Jun-2025 12:53:14 Africa/Abidjan] Hash stocké: $2y$10$aCEIU2JLTwEAD5U1ozhQculwFrTrjz7dILD6qLiNFH1saGqNOv7Ty
[26-Jun-2025 12:53:15 Africa/Abidjan] Échec de la vérification du mot de passe
[26-Jun-2025 12:53:15 Africa/Abidjan] Échec de la connexion
[26-Jun-2025 12:53:21 Africa/Abidjan] Connexion à la base de données réussie
[26-Jun-2025 12:53:33 Africa/Abidjan] Connexion à la base de données réussie
[26-Jun-2025 12:53:33 Africa/Abidjan] Réception d'une requête POST
[26-Jun-2025 12:53:33 Africa/Abidjan] Données reçues - Username: admin
[26-Jun-2025 12:53:33 Africa/Abidjan] Tentative de vérification de connexion
[26-Jun-2025 12:53:33 Africa/Abidjan] Début de la vérification de connexion pour l'utilisateur: admin
[26-Jun-2025 12:53:33 Africa/Abidjan] Utilisateur trouvé dans la base de données
[26-Jun-2025 12:53:33 Africa/Abidjan] Hash stocké: $2y$10$aCEIU2JLTwEAD5U1ozhQculwFrTrjz7dILD6qLiNFH1saGqNOv7Ty
[26-Jun-2025 12:53:33 Africa/Abidjan] Mot de passe vérifié avec succès
[26-Jun-2025 12:53:33 Africa/Abidjan] Session initialisée avec succès
[26-Jun-2025 12:53:33 Africa/Abidjan] Connexion réussie, tentative de redirection
[26-Jun-2025 12:59:16 Africa/Abidjan] Connexion à la base de données réussie
[26-Jun-2025 13:02:10 Africa/Abidjan] Connexion à la base de données réussie
[26-Jun-2025 13:02:10 Africa/Abidjan] Réception d'une requête POST
[26-Jun-2025 13:02:10 Africa/Abidjan] Données reçues - Username: admin
[26-Jun-2025 13:02:10 Africa/Abidjan] Tentative de vérification de connexion
[26-Jun-2025 13:02:10 Africa/Abidjan] Début de la vérification de connexion pour l'utilisateur: admin
[26-Jun-2025 13:02:10 Africa/Abidjan] Utilisateur trouvé dans la base de données
[26-Jun-2025 13:02:10 Africa/Abidjan] Hash stocké: $2y$10$aCEIU2JLTwEAD5U1ozhQculwFrTrjz7dILD6qLiNFH1saGqNOv7Ty
[26-Jun-2025 13:02:10 Africa/Abidjan] Mot de passe vérifié avec succès
[26-Jun-2025 13:02:10 Africa/Abidjan] Session initialisée avec succès
[26-Jun-2025 13:02:10 Africa/Abidjan] Connexion réussie, tentative de redirection
[26-Jun-2025 13:53:45 Africa/Abidjan] Connexion à la base de données réussie
[26-Jun-2025 13:53:52 Africa/Abidjan] Connexion à la base de données réussie
[26-Jun-2025 13:53:52 Africa/Abidjan] Réception d'une requête POST
[26-Jun-2025 13:53:52 Africa/Abidjan] Données reçues - Username: admin
[26-Jun-2025 13:53:52 Africa/Abidjan] Tentative de vérification de connexion
[26-Jun-2025 13:53:52 Africa/Abidjan] Début de la vérification de connexion pour l'utilisateur: admin
[26-Jun-2025 13:53:52 Africa/Abidjan] Utilisateur trouvé dans la base de données
[26-Jun-2025 13:53:52 Africa/Abidjan] Hash stocké: $2y$10$aCEIU2JLTwEAD5U1ozhQculwFrTrjz7dILD6qLiNFH1saGqNOv7Ty
[26-Jun-2025 13:53:52 Africa/Abidjan] Échec de la vérification du mot de passe
[26-Jun-2025 13:53:52 Africa/Abidjan] Échec de la connexion
[26-Jun-2025 13:54:01 Africa/Abidjan] Connexion à la base de données réussie
[26-Jun-2025 13:54:01 Africa/Abidjan] Réception d'une requête POST
[26-Jun-2025 13:54:01 Africa/Abidjan] Données reçues - Username: admin
[26-Jun-2025 13:54:01 Africa/Abidjan] Tentative de vérification de connexion
[26-Jun-2025 13:54:01 Africa/Abidjan] Début de la vérification de connexion pour l'utilisateur: admin
[26-Jun-2025 13:54:01 Africa/Abidjan] Utilisateur trouvé dans la base de données
[26-Jun-2025 13:54:01 Africa/Abidjan] Hash stocké: $2y$10$aCEIU2JLTwEAD5U1ozhQculwFrTrjz7dILD6qLiNFH1saGqNOv7Ty
[26-Jun-2025 13:54:01 Africa/Abidjan] Mot de passe vérifié avec succès
[26-Jun-2025 13:54:01 Africa/Abidjan] Session initialisée avec succès
[26-Jun-2025 13:54:01 Africa/Abidjan] Connexion réussie, tentative de redirection
[02-Jul-2025 16:21:59 Africa/Abidjan] Connexion à la base de données réussie
[02-Jul-2025 16:24:33 Africa/Abidjan] Connexion à la base de données réussie
[02-Jul-2025 17:09:47 Africa/Abidjan] Connexion à la base de données réussie
[02-Jul-2025 17:09:57 Africa/Abidjan] Connexion à la base de données réussie
[02-Jul-2025 17:09:57 Africa/Abidjan] Réception d'une requête POST
[02-Jul-2025 17:09:57 Africa/Abidjan] Données reçues - Username: admin
[02-Jul-2025 17:09:57 Africa/Abidjan] Tentative de vérification de connexion
[02-Jul-2025 17:09:57 Africa/Abidjan] Début de la vérification de connexion pour l'utilisateur: admin
[02-Jul-2025 17:09:57 Africa/Abidjan] Utilisateur trouvé dans la base de données
[02-Jul-2025 17:09:57 Africa/Abidjan] Hash stocké: $2y$10$aCEIU2JLTwEAD5U1ozhQculwFrTrjz7dILD6qLiNFH1saGqNOv7Ty
[02-Jul-2025 17:09:57 Africa/Abidjan] Mot de passe vérifié avec succès
[02-Jul-2025 17:09:57 Africa/Abidjan] Session initialisée avec succès
[02-Jul-2025 17:09:57 Africa/Abidjan] Connexion réussie, tentative de redirection
[02-Jul-2025 17:13:38 Africa/Abidjan] Connexion à la base de données réussie
[02-Jul-2025 17:13:41 Africa/Abidjan] Connexion à la base de données réussie
[02-Jul-2025 17:13:41 Africa/Abidjan] Réception d'une requête POST
[02-Jul-2025 17:13:41 Africa/Abidjan] Données reçues - Username: admin
[02-Jul-2025 17:13:41 Africa/Abidjan] Tentative de vérification de connexion
[02-Jul-2025 17:13:41 Africa/Abidjan] Début de la vérification de connexion pour l'utilisateur: admin
[02-Jul-2025 17:13:41 Africa/Abidjan] Utilisateur trouvé dans la base de données
[02-Jul-2025 17:13:41 Africa/Abidjan] Hash stocké: $2y$10$aCEIU2JLTwEAD5U1ozhQculwFrTrjz7dILD6qLiNFH1saGqNOv7Ty
[02-Jul-2025 17:13:41 Africa/Abidjan] Mot de passe vérifié avec succès
[02-Jul-2025 17:13:41 Africa/Abidjan] Session initialisée avec succès
[02-Jul-2025 17:13:41 Africa/Abidjan] Connexion réussie, tentative de redirection
[03-Jul-2025 13:33:55 Africa/Abidjan] Connexion à la base de données réussie
[03-Jul-2025 13:35:16 Africa/Abidjan] Connexion à la base de données réussie
[03-Jul-2025 15:30:49 Africa/Abidjan] Connexion à la base de données réussie
[03-Jul-2025 15:52:24 Africa/Abidjan] Connexion à la base de données réussie
[03-Jul-2025 15:52:57 Africa/Abidjan] Connexion à la base de données réussie
[06-Jul-2025 19:37:49 Africa/Abidjan] Connexion à la base de données réussie
[06-Jul-2025 19:37:53 Africa/Abidjan] Connexion à la base de données réussie
[06-Jul-2025 19:37:53 Africa/Abidjan] Réception d'une requête POST
[06-Jul-2025 19:37:53 Africa/Abidjan] Données reçues - Username: admin
[06-Jul-2025 19:37:53 Africa/Abidjan] Tentative de vérification de connexion
[06-Jul-2025 19:37:53 Africa/Abidjan] Début de la vérification de connexion pour l'utilisateur: admin
[06-Jul-2025 19:37:53 Africa/Abidjan] Utilisateur trouvé dans la base de données
[06-Jul-2025 19:37:53 Africa/Abidjan] Hash stocké: $2y$10$aCEIU2JLTwEAD5U1ozhQculwFrTrjz7dILD6qLiNFH1saGqNOv7Ty
[06-Jul-2025 19:37:53 Africa/Abidjan] Mot de passe vérifié avec succès
[06-Jul-2025 19:37:53 Africa/Abidjan] Session initialisée avec succès
[06-Jul-2025 19:37:53 Africa/Abidjan] Connexion réussie, tentative de redirection
[06-Jul-2025 19:38:19 Africa/Abidjan] Connexion à la base de données réussie
[06-Jul-2025 19:39:16 Africa/Abidjan] Connexion à la base de données réussie
[10-Jul-2025 13:09:49 Africa/Abidjan] Connexion à la base de données réussie
[10-Jul-2025 13:09:49 Africa/Abidjan] Réception d'une requête POST
[10-Jul-2025 13:09:49 Africa/Abidjan] Données reçues - Username: admin
[10-Jul-2025 13:09:49 Africa/Abidjan] Tentative de vérification de connexion
[10-Jul-2025 13:09:49 Africa/Abidjan] Début de la vérification de connexion pour l'utilisateur: admin
[10-Jul-2025 13:09:49 Africa/Abidjan] Utilisateur trouvé dans la base de données
[10-Jul-2025 13:09:49 Africa/Abidjan] Hash stocké: $2y$10$aCEIU2JLTwEAD5U1ozhQculwFrTrjz7dILD6qLiNFH1saGqNOv7Ty
[10-Jul-2025 13:09:49 Africa/Abidjan] Mot de passe vérifié avec succès
[10-Jul-2025 13:09:49 Africa/Abidjan] Session initialisée avec succès
[10-Jul-2025 13:09:49 Africa/Abidjan] Connexion réussie, tentative de redirection
[10-Jul-2025 15:54:10 Africa/Abidjan] Connexion à la base de données réussie
[10-Jul-2025 15:54:13 Africa/Abidjan] Connexion à la base de données réussie
[11-Jul-2025 10:54:01 Africa/Abidjan] Connexion à la base de données réussie
[11-Jul-2025 10:54:25 Africa/Abidjan] Connexion à la base de données réussie
[16-Jul-2025 13:57:38 Africa/Abidjan] Connexion à la base de données réussie
[18-Jul-2025 13:38:06 Africa/Abidjan] Connexion à la base de données réussie
[18-Jul-2025 18:48:38 Africa/Abidjan] Connexion à la base de données réussie
[18-Jul-2025 23:47:23 Africa/Abidjan] Connexion à la base de données réussie
[19-Jul-2025 10:48:09 Africa/Abidjan] Connexion à la base de données réussie
[24-Jul-2025 05:35:39 Africa/Abidjan] Connexion à la base de données réussie
[24-Jul-2025 05:38:32 Africa/Abidjan] Connexion à la base de données réussie
[24-Jul-2025 06:09:30 Africa/Abidjan] Connexion à la base de données réussie
[24-Jul-2025 06:09:41 Africa/Abidjan] Connexion à la base de données réussie
[24-Jul-2025 06:09:41 Africa/Abidjan] Réception d'une requête POST
[24-Jul-2025 06:09:41 Africa/Abidjan] Données reçues - Username: admin
[24-Jul-2025 06:09:41 Africa/Abidjan] Tentative de vérification de connexion
[24-Jul-2025 06:09:41 Africa/Abidjan] Début de la vérification de connexion pour l'utilisateur: admin
[24-Jul-2025 06:09:41 Africa/Abidjan] Utilisateur trouvé dans la base de données
[24-Jul-2025 06:09:41 Africa/Abidjan] Hash stocké: $2y$10$aCEIU2JLTwEAD5U1ozhQculwFrTrjz7dILD6qLiNFH1saGqNOv7Ty
[24-Jul-2025 06:09:41 Africa/Abidjan] Mot de passe vérifié avec succès
[24-Jul-2025 06:09:41 Africa/Abidjan] Session initialisée avec succès
[24-Jul-2025 06:09:41 Africa/Abidjan] Connexion réussie, tentative de redirection
[25-Jul-2025 16:17:49 Africa/Abidjan] Connexion à la base de données réussie
[25-Jul-2025 18:45:06 Africa/Abidjan] Connexion à la base de données réussie
[25-Jul-2025 18:53:55 Africa/Abidjan] Connexion à la base de données réussie
[25-Jul-2025 21:33:40 Africa/Abidjan] Connexion à la base de données réussie
[25-Jul-2025 22:19:09 Africa/Abidjan] Connexion à la base de données réussie
[25-Jul-2025 22:32:39 Africa/Abidjan] Connexion à la base de données réussie
[26-Jul-2025 00:17:23 Africa/Abidjan] Connexion à la base de données réussie
[26-Jul-2025 00:20:31 Africa/Abidjan] Connexion à la base de données réussie
[26-Jul-2025 00:23:15 Africa/Abidjan] Connexion à la base de données réussie
[26-Jul-2025 22:38:01 Africa/Abidjan] Connexion à la base de données réussie
[30-Jul-2025 08:59:01 Africa/Abidjan] Connexion à la base de données réussie
[30-Jul-2025 15:34:27 Africa/Abidjan] Connexion à la base de données réussie
[30-Jul-2025 15:34:32 Africa/Abidjan] Connexion à la base de données réussie
[30-Jul-2025 15:34:39 Africa/Abidjan] Connexion à la base de données réussie
[30-Jul-2025 15:34:39 Africa/Abidjan] Réception d'une requête POST
[30-Jul-2025 15:34:39 Africa/Abidjan] Données reçues - Username: admin
[30-Jul-2025 15:34:39 Africa/Abidjan] Tentative de vérification de connexion
[30-Jul-2025 15:34:39 Africa/Abidjan] Début de la vérification de connexion pour l'utilisateur: admin
[30-Jul-2025 15:34:39 Africa/Abidjan] Utilisateur trouvé dans la base de données
[30-Jul-2025 15:34:39 Africa/Abidjan] Hash stocké: $2y$10$aCEIU2JLTwEAD5U1ozhQculwFrTrjz7dILD6qLiNFH1saGqNOv7Ty
[30-Jul-2025 15:34:39 Africa/Abidjan] Mot de passe vérifié avec succès
[30-Jul-2025 15:34:39 Africa/Abidjan] Session initialisée avec succès
[30-Jul-2025 15:34:39 Africa/Abidjan] Connexion réussie, tentative de redirection
[05-Aug-2025 02:51:52 Africa/Abidjan] Connexion à la base de données réussie
[05-Aug-2025 02:52:10 Africa/Abidjan] Connexion à la base de données réussie
[05-Aug-2025 02:52:10 Africa/Abidjan] Réception d'une requête POST
[05-Aug-2025 02:52:10 Africa/Abidjan] Données reçues - Username: admin
[05-Aug-2025 02:52:10 Africa/Abidjan] Tentative de vérification de connexion
[05-Aug-2025 02:52:10 Africa/Abidjan] Début de la vérification de connexion pour l'utilisateur: admin
[05-Aug-2025 02:52:10 Africa/Abidjan] Utilisateur trouvé dans la base de données
[05-Aug-2025 02:52:10 Africa/Abidjan] Hash stocké: $2y$10$aCEIU2JLTwEAD5U1ozhQculwFrTrjz7dILD6qLiNFH1saGqNOv7Ty
[05-Aug-2025 02:52:10 Africa/Abidjan] Mot de passe vérifié avec succès
[05-Aug-2025 02:52:10 Africa/Abidjan] Session initialisée avec succès
[05-Aug-2025 02:52:10 Africa/Abidjan] Connexion réussie, tentative de redirection
[05-Aug-2025 02:52:27 Africa/Abidjan] Connexion à la base de données réussie
[05-Aug-2025 03:04:31 Africa/Abidjan] Connexion à la base de données réussie
[05-Aug-2025 03:04:38 Africa/Abidjan] Connexion à la base de données réussie
[05-Aug-2025 03:04:38 Africa/Abidjan] Réception d'une requête POST
[05-Aug-2025 03:04:38 Africa/Abidjan] Données reçues - Username: admin
[05-Aug-2025 03:04:38 Africa/Abidjan] Tentative de vérification de connexion
[05-Aug-2025 03:04:38 Africa/Abidjan] Début de la vérification de connexion pour l'utilisateur: admin
[05-Aug-2025 03:04:38 Africa/Abidjan] Utilisateur trouvé dans la base de données
[05-Aug-2025 03:04:38 Africa/Abidjan] Hash stocké: $2y$10$aCEIU2JLTwEAD5U1ozhQculwFrTrjz7dILD6qLiNFH1saGqNOv7Ty
[05-Aug-2025 03:04:39 Africa/Abidjan] Mot de passe vérifié avec succès
[05-Aug-2025 03:04:39 Africa/Abidjan] Session initialisée avec succès
[05-Aug-2025 03:04:39 Africa/Abidjan] Connexion réussie, tentative de redirection
[05-Aug-2025 03:14:49 Africa/Abidjan] Connexion à la base de données réussie
[05-Aug-2025 03:14:55 Africa/Abidjan] Connexion à la base de données réussie
[07-Aug-2025 12:47:03 Africa/Abidjan] Connexion à la base de données réussie
[07-Aug-2025 12:47:34 Africa/Abidjan] Connexion à la base de données réussie
[15-Aug-2025 02:06:21 Africa/Abidjan] Connexion à la base de données réussie
[15-Aug-2025 02:06:30 Africa/Abidjan] Connexion à la base de données réussie
[15-Aug-2025 02:06:30 Africa/Abidjan] Réception d'une requête POST
[15-Aug-2025 02:06:30 Africa/Abidjan] Données reçues - Username: admin
[15-Aug-2025 02:06:30 Africa/Abidjan] Tentative de vérification de connexion
[15-Aug-2025 02:06:30 Africa/Abidjan] Début de la vérification de connexion pour l'utilisateur: admin
[15-Aug-2025 02:06:30 Africa/Abidjan] Utilisateur trouvé dans la base de données
[15-Aug-2025 02:06:30 Africa/Abidjan] Hash stocké: $2y$10$aCEIU2JLTwEAD5U1ozhQculwFrTrjz7dILD6qLiNFH1saGqNOv7Ty
[15-Aug-2025 02:06:30 Africa/Abidjan] Mot de passe vérifié avec succès
[15-Aug-2025 02:06:30 Africa/Abidjan] Session initialisée avec succès
[15-Aug-2025 02:06:30 Africa/Abidjan] Connexion réussie, tentative de redirection
[15-Aug-2025 02:19:40 Africa/Abidjan] Connexion à la base de données réussie
[26-Aug-2025 10:33:23 Africa/Abidjan] Connexion à la base de données réussie
[26-Aug-2025 10:33:30 Africa/Abidjan] Connexion à la base de données réussie
[26-Aug-2025 10:33:30 Africa/Abidjan] Réception d'une requête POST
[26-Aug-2025 10:33:30 Africa/Abidjan] Données reçues - Username: admin
[26-Aug-2025 10:33:30 Africa/Abidjan] Tentative de vérification de connexion
[26-Aug-2025 10:33:30 Africa/Abidjan] Début de la vérification de connexion pour l'utilisateur: admin
[26-Aug-2025 10:33:30 Africa/Abidjan] Utilisateur trouvé dans la base de données
[26-Aug-2025 10:33:30 Africa/Abidjan] Hash stocké: $2y$10$aCEIU2JLTwEAD5U1ozhQculwFrTrjz7dILD6qLiNFH1saGqNOv7Ty
[26-Aug-2025 10:33:30 Africa/Abidjan] Mot de passe vérifié avec succès
[26-Aug-2025 10:33:30 Africa/Abidjan] Session initialisée avec succès
[26-Aug-2025 10:33:30 Africa/Abidjan] Connexion réussie, tentative de redirection
[26-Aug-2025 10:33:30 Africa/Abidjan] Connexion à la base de données réussie
[26-Aug-2025 10:35:34 Africa/Abidjan] Connexion à la base de données réussie
[26-Aug-2025 10:35:34 Africa/Abidjan] Réception d'une requête POST
[26-Aug-2025 10:35:34 Africa/Abidjan] Données reçues - Username: admin
[26-Aug-2025 10:35:34 Africa/Abidjan] Tentative de vérification de connexion
[26-Aug-2025 10:35:34 Africa/Abidjan] Début de la vérification de connexion pour l'utilisateur: admin
[26-Aug-2025 10:35:34 Africa/Abidjan] Utilisateur trouvé dans la base de données
[26-Aug-2025 10:35:34 Africa/Abidjan] Hash stocké: $2y$10$aCEIU2JLTwEAD5U1ozhQculwFrTrjz7dILD6qLiNFH1saGqNOv7Ty
[26-Aug-2025 10:35:34 Africa/Abidjan] Mot de passe vérifié avec succès
[26-Aug-2025 10:35:34 Africa/Abidjan] Session initialisée avec succès
[26-Aug-2025 10:35:34 Africa/Abidjan] Connexion réussie, tentative de redirection
